Residue_1,Residue_2,Correlation
70,79,0.368583
70,82,0.269707
70,116,0.173691
70,117,0.164517
70,119,0.196416
70,120,0.228824
70,197,0.07516
70,198,-0.033162
70,199,0.074471
70,231,0.003301
70,277,0.099597
70,285,-0.022777
70,286,-0.092734
70,287,0.120183
70,288,0.082551
70,328,-0.124234
70,329,-0.02296
70,332,0.019296
70,398,-0.100928
70,430,-0.040946
70,437,-0.095026
70,438,-0.060352
70,439,-0.056342
70,440,-0.093379
79,82,0.811277
79,116,0.347183
79,117,0.330811
79,119,0.245883
79,120,0.257242
79,197,0.301827
79,198,0.344547
79,199,0.457738
79,231,0.351305
79,277,0.148042
79,285,-0.027667
79,286,-0.152429
79,287,0.205418
79,288,0.271783
79,328,-0.126316
79,329,0.043025
79,332,0.142006
79,398,0.146003
79,430,-0.040723
79,437,0.133337
79,438,0.12475
79,439,0.124977
79,440,0.122249
82,116,0.407916
82,117,0.362448
82,119,0.177401
82,120,0.210453
82,197,0.356754
82,198,0.4555
82,199,0.488306
82,231,0.443366
82,277,0.284132
82,285,-0.060572
82,286,-0.09813
82,287,0.113824
82,288,0.219946
82,328,-0.164811
82,329,-0.088787
82,332,0.048364
82,398,0.130861
82,430,-0.026968
82,437,0.361391
82,438,0.324555
82,439,0.200526
82,440,0.246496
116,117,0.795683
116,119,0.494829
116,120,0.556828
116,197,0.402785
116,198,0.488374
116,199,0.541793
116,231,0.364604
116,277,0.261963
116,285,-0.034636
116,286,-0.082829
116,287,0.070004
116,288,0.206265
116,328,-0.163676
116,329,-0.131403
116,332,-0.043153
116,398,0.084274
116,430,-0.111217
116,437,0.244618
116,438,0.202186
116,439,0.200604
116,440,0.260189
117,119,0.576795
117,120,0.494061
117,197,0.398913
117,198,0.499843
117,199,0.603632
117,231,0.356127
117,277,0.237706
117,285,-0.058685
117,286,-0.101561
117,287,0.058719
117,288,0.223213
117,328,-0.085699
117,329,-0.073245
117,332,0.007044
117,398,0.140083
117,430,-0.062772
117,437,0.190338
117,438,0.178392
117,439,0.171192
117,440,0.180373
119,120,0.817215
119,197,0.075994
119,198,0.157321
119,199,0.262795
119,231,0.040331
119,277,0.145022
119,285,0.168602
119,286,0.02633
119,287,0.141628
119,288,0.245181
119,328,-0.131377
119,329,-0.104852
119,332,-0.079596
119,398,0.007438
119,430,-0.16335
119,437,0.012431
119,438,0.048367
119,439,0.147465
119,440,0.115085
120,197,0.045213
120,198,0.13491
120,199,0.231237
120,231,0.018024
120,277,0.168667
120,285,0.186345
120,286,0.035709
120,287,0.132217
120,288,0.203268
120,328,-0.221452
120,329,-0.163411
120,332,-0.145854
120,398,-0.057538
120,430,-0.225688
120,437,0.081429
120,438,0.101484
120,439,0.224606
120,440,0.21477
197,198,0.619782
197,199,0.61373
197,231,0.494789
197,277,0.112771
197,285,-0.236745
197,286,-0.2149
197,287,0.055
197,288,0.191668
197,328,0.11882
197,329,0.148858
197,332,0.223116
197,398,0.282226
197,430,0.179411
197,437,0.001976
197,438,-0.030701
197,439,-0.096223
197,440,-0.046936
198,199,0.846216
198,231,0.63144
198,277,0.199292
198,285,-0.11783
198,286,-0.063436
198,287,-0.031237
198,288,0.177382
198,328,0.027074
198,329,0.015725
198,332,0.118339
198,398,0.388771
198,430,-0.018682
198,437,0.363253
198,438,0.326005
198,439,0.206527
198,440,0.260777
199,231,0.567171
199,277,0.135114
199,285,-0.131641
199,286,-0.17541
199,287,0.0108
199,288,0.179386
199,328,-0.066783
199,329,0.004867
199,332,0.133707
199,398,0.310614
199,430,-0.100538
199,437,0.208009
199,438,0.201316
199,439,0.16319
199,440,0.165867
231,277,0.231311
231,285,-0.176033
231,286,-0.097101
231,287,0.029115
231,288,0.221642
231,328,0.172043
231,329,0.141127
231,332,0.232374
231,398,0.570264
231,430,0.133484
231,437,0.286477
231,438,0.230942
231,439,0.057264
231,440,0.168485
277,285,0.005542
277,286,0.099586
277,287,0.051718
277,288,0.243913
277,328,-0.051063
277,329,-0.202974
277,332,-0.141001
277,398,0.027957
277,430,0.078778
277,437,0.351875
277,438,0.318464
277,439,0.143138
277,440,0.191482
285,286,0.770302
285,287,0.421816
285,288,0.193769
285,328,-0.165002
285,329,-0.15589
285,332,-0.327401
285,398,-0.170301
285,430,-0.269711
285,437,-0.023976
285,438,-0.041304
285,439,-0.076894
285,440,-0.077955
286,287,0.543119
286,288,0.305144
286,328,-0.035809
286,329,-0.169692
286,332,-0.313037
286,398,-0.037761
286,430,-0.005339
286,437,0.158068
286,438,0.127341
286,439,-0.045308
286,440,-0.029985
287,288,0.685676
287,328,0.065221
287,329,0.10619
287,332,0.099395
287,398,0.068113
287,430,0.041674
287,437,-0.165619
287,438,-0.171955
287,439,-0.203668
287,440,-0.197358
288,328,0.090703
288,329,0.05699
288,332,0.110117
288,398,0.213893
288,430,0.082609
288,437,-0.009602
288,438,-0.009381
288,439,-0.0942
288,440,-0.05262
328,329,0.827124
328,332,0.630255
328,398,0.483782
328,430,0.465313
328,437,-0.185314
328,438,-0.120605
328,439,-0.199828
328,440,-0.221997
329,332,0.733443
329,398,0.415495
329,430,0.166937
329,437,-0.334109
329,438,-0.279755
329,439,-0.199006
329,440,-0.199598
332,398,0.413534
332,430,0.198808
332,437,-0.213791
332,438,-0.163583
332,439,-0.108945
332,440,-0.094072
398,430,0.253777
398,437,0.031443
398,438,0.053085
398,439,-0.053027
398,440,-0.006144
430,437,0.064101
430,438,0.090955
430,439,-0.126606
430,440,-0.183227
437,438,0.929501
437,439,0.73364
437,440,0.742247
438,439,0.829223
438,440,0.721296
439,440,0.860973
