PC1_Angstrom,PC2_Angstrom,DeltaG_kJmol
-30.681001,-19.528496,45.672734
-30.681001,-18.710888,45.672734
-30.681001,-17.893280,45.672734
-30.681001,-17.075672,45.672734
-30.681001,-16.258064,45.672734
-30.681001,-15.440456,45.672734
-30.681001,-14.622848,45.672734
-30.681001,-13.805240,45.672734
-30.681001,-12.987632,45.672734
-30.681001,-12.170024,45.672734
-30.681001,-11.352416,45.672734
-30.681001,-10.534808,45.672734
-30.681001,-9.717200,45.672734
-30.681001,-8.899592,45.672734
-30.681001,-8.081984,45.672734
-30.681001,-7.264376,45.672734
-30.681001,-6.446768,45.672734
-30.681001,-5.629160,45.672734
-30.681001,-4.811552,45.672734
-30.681001,-3.993944,45.672734
-30.681001,-3.176336,45.672734
-30.681001,-2.358728,45.672734
-30.681001,-1.541120,45.672734
-30.681001,-0.723512,45.672734
-30.681001,0.094096,45.672734
-30.681001,0.911704,45.672734
-30.681001,1.729312,45.672734
-30.681001,2.546920,13.954322
-30.681001,3.364528,45.672734
-30.681001,4.182136,12.225478
-30.681001,4.999744,12.225478
-30.681001,5.817352,13.954322
-30.681001,6.634960,45.672734
-30.681001,7.452568,45.672734
-30.681001,8.270176,45.672734
-30.681001,9.087784,45.672734
-30.681001,9.905392,45.672734
-30.681001,10.723000,45.672734
-30.681001,11.540608,45.672734
-30.681001,12.358216,45.672734
-30.681001,13.175824,45.672734
-30.681001,13.993432,45.672734
-30.681001,14.811040,45.672734
-30.681001,15.628648,45.672734
-30.681001,16.446256,45.672734
-30.681001,17.263864,45.672734
-30.681001,18.081472,45.672734
-30.681001,18.899080,45.672734
-30.681001,19.716688,45.672734
-30.681001,20.534296,45.672734
-29.653803,-19.528496,45.672734
-29.653803,-18.710888,45.672734
-29.653803,-17.893280,45.672734
-29.653803,-17.075672,45.672734
-29.653803,-16.258064,45.672734
-29.653803,-15.440456,45.672734
-29.653803,-14.622848,45.672734
-29.653803,-13.805240,45.672734
-29.653803,-12.987632,45.672734
-29.653803,-12.170024,45.672734
-29.653803,-11.352416,45.672734
-29.653803,-10.534808,45.672734
-29.653803,-9.717200,45.672734
-29.653803,-8.899592,45.672734
-29.653803,-8.081984,45.672734
-29.653803,-7.264376,45.672734
-29.653803,-6.446768,45.672734
-29.653803,-5.629160,45.672734
-29.653803,-4.811552,45.672734
-29.653803,-3.993944,45.672734
-29.653803,-3.176336,45.672734
-29.653803,-2.358728,45.672734
-29.653803,-1.541120,45.672734
-29.653803,-0.723512,45.672734
-29.653803,0.094096,45.672734
-29.653803,0.911704,13.954322
-29.653803,1.729312,12.225478
-29.653803,2.546920,13.954322
-29.653803,3.364528,10.496632
-29.653803,4.182136,12.225478
-29.653803,4.999744,10.496632
-29.653803,5.817352,13.954322
-29.653803,6.634960,13.954322
-29.653803,7.452568,13.954322
-29.653803,8.270176,45.672734
-29.653803,9.087784,45.672734
-29.653803,9.905392,45.672734
-29.653803,10.723000,45.672734
-29.653803,11.540608,45.672734
-29.653803,12.358216,45.672734
-29.653803,13.175824,45.672734
-29.653803,13.993432,45.672734
-29.653803,14.811040,45.672734
-29.653803,15.628648,45.672734
-29.653803,16.446256,45.672734
-29.653803,17.263864,45.672734
-29.653803,18.081472,45.672734
-29.653803,18.899080,45.672734
-29.653803,19.716688,45.672734
-29.653803,20.534296,45.672734
-28.626605,-19.528496,45.672734
-28.626605,-18.710888,45.672734
-28.626605,-17.893280,45.672734
-28.626605,-17.075672,45.672734
-28.626605,-16.258064,45.672734
-28.626605,-15.440456,45.672734
-28.626605,-14.622848,45.672734
-28.626605,-13.805240,45.672734
-28.626605,-12.987632,45.672734
-28.626605,-12.170024,45.672734
-28.626605,-11.352416,45.672734
-28.626605,-10.534808,45.672734
-28.626605,-9.717200,45.672734
-28.626605,-8.899592,45.672734
-28.626605,-8.081984,45.672734
-28.626605,-7.264376,45.672734
-28.626605,-6.446768,45.672734
-28.626605,-5.629160,45.672734
-28.626605,-4.811552,45.672734
-28.626605,-3.993944,45.672734
-28.626605,-3.176336,13.954322
-28.626605,-2.358728,45.672734
-28.626605,-1.541120,13.954322
-28.626605,-0.723512,45.672734
-28.626605,0.094096,13.954322
-28.626605,0.911704,45.672734
-28.626605,1.729312,12.225478
-28.626605,2.546920,10.496632
-28.626605,3.364528,8.474011
-28.626605,4.182136,7.973498
-28.626605,4.999744,8.211221
-28.626605,5.817352,10.496632
-28.626605,6.634960,13.954322
-28.626605,7.452568,9.940068
-28.626605,8.270176,13.954322
-28.626605,9.087784,45.672734
-28.626605,9.905392,45.672734
-28.626605,10.723000,45.672734
-28.626605,11.540608,45.672734
-28.626605,12.358216,45.672734
-28.626605,13.175824,45.672734
-28.626605,13.993432,45.672734
-28.626605,14.811040,45.672734
-28.626605,15.628648,45.672734
-28.626605,16.446256,45.672734
-28.626605,17.263864,45.672734
-28.626605,18.081472,45.672734
-28.626605,18.899080,45.672734
-28.626605,19.716688,45.672734
-28.626605,20.534296,45.672734
-27.599407,-19.528496,45.672734
-27.599407,-18.710888,45.672734
-27.599407,-17.893280,45.672734
-27.599407,-17.075672,45.672734
-27.599407,-16.258064,45.672734
-27.599407,-15.440456,45.672734
-27.599407,-14.622848,45.672734
-27.599407,-13.805240,45.672734
-27.599407,-12.987632,45.672734
-27.599407,-12.170024,45.672734
-27.599407,-11.352416,45.672734
-27.599407,-10.534808,45.672734
-27.599407,-9.717200,45.672734
-27.599407,-8.899592,45.672734
-27.599407,-8.081984,45.672734
-27.599407,-7.264376,45.672734
-27.599407,-6.446768,45.672734
-27.599407,-5.629160,45.672734
-27.599407,-4.811552,45.672734
-27.599407,-3.993944,45.672734
-27.599407,-3.176336,45.672734
-27.599407,-2.358728,45.672734
-27.599407,-1.541120,45.672734
-27.599407,-0.723512,13.954322
-27.599407,0.094096,12.225478
-27.599407,0.911704,10.496632
-27.599407,1.729312,7.199910
-27.599407,2.546920,6.482373
-27.599407,3.364528,5.310090
-27.599407,4.182136,6.482373
-27.599407,4.999744,6.360681
-27.599407,5.817352,7.199910
-27.599407,6.634960,10.496632
-27.599407,7.452568,8.211221
-27.599407,8.270176,9.940068
-27.599407,9.087784,13.954322
-27.599407,9.905392,45.672734
-27.599407,10.723000,45.672734
-27.599407,11.540608,45.672734
-27.599407,12.358216,45.672734
-27.599407,13.175824,45.672734
-27.599407,13.993432,45.672734
-27.599407,14.811040,45.672734
-27.599407,15.628648,45.672734
-27.599407,16.446256,45.672734
-27.599407,17.263864,45.672734
-27.599407,18.081472,45.672734
-27.599407,18.899080,45.672734
-27.599407,19.716688,45.672734
-27.599407,20.534296,45.672734
-26.572209,-19.528496,45.672734
-26.572209,-18.710888,45.672734
-26.572209,-17.893280,45.672734
-26.572209,-17.075672,45.672734
-26.572209,-16.258064,45.672734
-26.572209,-15.440456,45.672734
-26.572209,-14.622848,45.672734
-26.572209,-13.805240,45.672734
-26.572209,-12.987632,45.672734
-26.572209,-12.170024,45.672734
-26.572209,-11.352416,45.672734
-26.572209,-10.534808,45.672734
-26.572209,-9.717200,45.672734
-26.572209,-8.899592,45.672734
-26.572209,-8.081984,45.672734
-26.572209,-7.264376,45.672734
-26.572209,-6.446768,45.672734
-26.572209,-5.629160,45.672734
-26.572209,-4.811552,45.672734
-26.572209,-3.993944,45.672734
-26.572209,-3.176336,45.672734
-26.572209,-2.358728,45.672734
-26.572209,-1.541120,9.940068
-26.572209,-0.723512,11.214168
-26.572209,0.094096,7.199910
-26.572209,0.911704,7.371992
-26.572209,1.729312,5.233340
-26.572209,2.546920,4.459751
-26.572209,3.364528,4.515803
-26.572209,4.182136,4.573144
-26.572209,4.999744,5.827984
-26.572209,5.817352,6.133779
-26.572209,6.634960,7.199910
-26.572209,7.452568,7.199910
-26.572209,8.270176,9.940068
-26.572209,9.087784,13.954322
-26.572209,9.905392,45.672734
-26.572209,10.723000,45.672734
-26.572209,11.540608,45.672734
-26.572209,12.358216,45.672734
-26.572209,13.175824,45.672734
-26.572209,13.993432,45.672734
-26.572209,14.811040,45.672734
-26.572209,15.628648,45.672734
-26.572209,16.446256,45.672734
-26.572209,17.263864,45.672734
-26.572209,18.081472,45.672734
-26.572209,18.899080,45.672734
-26.572209,19.716688,45.672734
-26.572209,20.534296,45.672734
-25.545011,-19.528496,45.672734
-25.545011,-18.710888,45.672734
-25.545011,-17.893280,45.672734
-25.545011,-17.075672,45.672734
-25.545011,-16.258064,45.672734
-25.545011,-15.440456,45.672734
-25.545011,-14.622848,45.672734
-25.545011,-13.805240,45.672734
-25.545011,-12.987632,45.672734
-25.545011,-12.170024,45.672734
-25.545011,-11.352416,45.672734
-25.545011,-10.534808,45.672734
-25.545011,-9.717200,45.672734
-25.545011,-8.899592,45.672734
-25.545011,-8.081984,45.672734
-25.545011,-7.264376,45.672734
-25.545011,-6.446768,45.672734
-25.545011,-5.629160,45.672734
-25.545011,-4.811552,45.672734
-25.545011,-3.993944,45.672734
-25.545011,-3.176336,45.672734
-25.545011,-2.358728,12.225478
-25.545011,-1.541120,9.940068
-25.545011,-0.723512,7.556832
-25.545011,0.094096,5.925809
-25.545011,0.911704,4.099137
-25.545011,1.729312,3.466985
-25.545011,2.546920,3.322353
-25.545011,3.364528,3.322353
-25.545011,4.182136,3.185650
-25.545011,4.999744,3.542572
-25.545011,5.817352,4.573144
-25.545011,6.634960,4.881462
-25.545011,7.452568,9.940068
-25.545011,8.270176,7.973498
-25.545011,9.087784,8.767785
-25.545011,9.905392,10.496632
-25.545011,10.723000,45.672734
-25.545011,11.540608,45.672734
-25.545011,12.358216,45.672734
-25.545011,13.175824,45.672734
-25.545011,13.993432,45.672734
-25.545011,14.811040,45.672734
-25.545011,15.628648,45.672734
-25.545011,16.446256,45.672734
-25.545011,17.263864,45.672734
-25.545011,18.081472,45.672734
-25.545011,18.899080,45.672734
-25.545011,19.716688,45.672734
-25.545011,20.534296,45.672734
-24.517813,-19.528496,45.672734
-24.517813,-18.710888,45.672734
-24.517813,-17.893280,45.672734
-24.517813,-17.075672,45.672734
-24.517813,-16.258064,45.672734
-24.517813,-15.440456,45.672734
-24.517813,-14.622848,45.672734
-24.517813,-13.805240,45.672734
-24.517813,-12.987632,45.672734
-24.517813,-12.170024,45.672734
-24.517813,-11.352416,45.672734
-24.517813,-10.534808,45.672734
-24.517813,-9.717200,45.672734
-24.517813,-8.899592,45.672734
-24.517813,-8.081984,45.672734
-24.517813,-7.264376,45.672734
-24.517813,-6.446768,45.672734
-24.517813,-5.629160,45.672734
-24.517813,-4.811552,45.672734
-24.517813,-3.993944,45.672734
-24.517813,-3.176336,12.225478
-24.517813,-2.358728,13.954322
-24.517813,-1.541120,7.556832
-24.517813,-0.723512,6.244651
-24.517813,0.094096,4.881462
-24.517813,0.911704,4.099137
-24.517813,1.729312,2.902986
-24.517813,2.546920,2.468114
-24.517813,3.364528,2.346421
-24.517813,4.182136,2.622443
-24.517813,4.999744,2.873468
-24.517813,5.817352,4.298779
-24.517813,6.634960,4.753526
-24.517813,7.452568,6.360681
-24.517813,8.270176,6.610309
-24.517813,9.087784,7.756474
-24.517813,9.905392,11.214168
-24.517813,10.723000,13.954322
-24.517813,11.540608,45.672734
-24.517813,12.358216,45.672734
-24.517813,13.175824,45.672734
-24.517813,13.993432,45.672734
-24.517813,14.811040,45.672734
-24.517813,15.628648,45.672734
-24.517813,16.446256,45.672734
-24.517813,17.263864,45.672734
-24.517813,18.081472,45.672734
-24.517813,18.899080,45.672734
-24.517813,19.716688,45.672734
-24.517813,20.534296,45.672734
-23.490615,-19.528496,45.672734
-23.490615,-18.710888,45.672734
-23.490615,-17.893280,45.672734
-23.490615,-17.075672,45.672734
-23.490615,-16.258064,45.672734
-23.490615,-15.440456,45.672734
-23.490615,-14.622848,45.672734
-23.490615,-13.805240,45.672734
-23.490615,-12.987632,45.672734
-23.490615,-12.170024,45.672734
-23.490615,-11.352416,45.672734
-23.490615,-10.534808,45.672734
-23.490615,-9.717200,45.672734
-23.490615,-8.899592,45.672734
-23.490615,-8.081984,45.672734
-23.490615,-7.264376,45.672734
-23.490615,-6.446768,45.672734
-23.490615,-5.629160,45.672734
-23.490615,-4.811552,45.672734
-23.490615,-3.993944,45.672734
-23.490615,-3.176336,13.954322
-23.490615,-2.358728,13.954322
-23.490615,-1.541120,7.973498
-23.490615,-0.723512,5.310090
-23.490615,0.094096,4.881462
-23.490615,0.911704,3.120010
-23.490615,1.729312,2.963090
-23.490615,2.546920,2.230391
-23.490615,3.364528,2.230391
-23.490615,4.182136,2.185449
-23.490615,4.999744,2.346421
-23.490615,5.817352,3.393621
-23.490615,6.634960,4.631833
-23.490615,7.452568,5.233340
-23.490615,8.270176,7.756474
-23.490615,9.087784,8.474011
-23.490615,9.905392,10.496632
-23.490615,10.723000,45.672734
-23.490615,11.540608,45.672734
-23.490615,12.358216,45.672734
-23.490615,13.175824,45.672734
-23.490615,13.993432,45.672734
-23.490615,14.811040,45.672734
-23.490615,15.628648,45.672734
-23.490615,16.446256,45.672734
-23.490615,17.263864,45.672734
-23.490615,18.081472,45.672734
-23.490615,18.899080,45.672734
-23.490615,19.716688,45.672734
-23.490615,20.534296,45.672734
-22.463417,-19.528496,45.672734
-22.463417,-18.710888,45.672734
-22.463417,-17.893280,45.672734
-22.463417,-17.075672,45.672734
-22.463417,-16.258064,45.672734
-22.463417,-15.440456,45.672734
-22.463417,-14.622848,45.672734
-22.463417,-13.805240,45.672734
-22.463417,-12.987632,45.672734
-22.463417,-12.170024,45.672734
-22.463417,-11.352416,45.672734
-22.463417,-10.534808,45.672734
-22.463417,-9.717200,45.672734
-22.463417,-8.899592,45.672734
-22.463417,-8.081984,45.672734
-22.463417,-7.264376,45.672734
-22.463417,-6.446768,45.672734
-22.463417,-5.629160,45.672734
-22.463417,-4.811552,45.672734
-22.463417,-3.993944,45.672734
-22.463417,-3.176336,45.672734
-22.463417,-2.358728,9.940068
-22.463417,-1.541120,7.556832
-22.463417,-0.723512,5.733853
-22.463417,0.094096,4.247351
-22.463417,0.911704,3.620522
-22.463417,1.729312,2.493181
-22.463417,2.546920,2.207819
-22.463417,3.364528,2.034239
-22.463417,4.182136,1.972140
-22.463417,4.999744,1.852395
-22.463417,5.817352,2.544085
-22.463417,6.634960,4.351291
-22.463417,7.452568,5.925809
-22.463417,8.270176,7.371992
-22.463417,9.087784,10.496632
-22.463417,9.905392,10.496632
-22.463417,10.723000,45.672734
-22.463417,11.540608,45.672734
-22.463417,12.358216,45.672734
-22.463417,13.175824,45.672734
-22.463417,13.993432,45.672734
-22.463417,14.811040,45.672734
-22.463417,15.628648,45.672734
-22.463417,16.446256,45.672734
-22.463417,17.263864,45.672734
-22.463417,18.081472,45.672734
-22.463417,18.899080,45.672734
-22.463417,19.716688,45.672734
-22.463417,20.534296,45.672734
-21.436219,-19.528496,45.672734
-21.436219,-18.710888,45.672734
-21.436219,-17.893280,45.672734
-21.436219,-17.075672,45.672734
-21.436219,-16.258064,45.672734
-21.436219,-15.440456,45.672734
-21.436219,-14.622848,45.672734
-21.436219,-13.805240,45.672734
-21.436219,-12.987632,45.672734
-21.436219,-12.170024,45.672734
-21.436219,-11.352416,45.672734
-21.436219,-10.534808,45.672734
-21.436219,-9.717200,45.672734
-21.436219,-8.899592,45.672734
-21.436219,-8.081984,45.672734
-21.436219,-7.264376,45.672734
-21.436219,-6.446768,45.672734
-21.436219,-5.629160,45.672734
-21.436219,-4.811552,45.672734
-21.436219,-3.993944,45.672734
-21.436219,-3.176336,13.954322
-21.436219,-2.358728,11.214168
-21.436219,-1.541120,7.973498
-21.436219,-0.723512,7.038938
-21.436219,0.094096,4.753526
-21.436219,0.911704,4.147570
-21.436219,1.729312,2.786956
-21.436219,2.546920,2.703343
-21.436219,3.364528,2.569932
-21.436219,4.182136,2.322779
-21.436219,4.999744,1.931583
-21.436219,5.817352,3.185650
-21.436219,6.634960,5.086580
-21.436219,7.452568,7.756474
-21.436219,8.270176,8.767785
-21.436219,9.087784,9.940068
-21.436219,9.905392,13.954322
-21.436219,10.723000,45.672734
-21.436219,11.540608,45.672734
-21.436219,12.358216,45.672734
-21.436219,13.175824,45.672734
-21.436219,13.993432,45.672734
-21.436219,14.811040,45.672734
-21.436219,15.628648,45.672734
-21.436219,16.446256,45.672734
-21.436219,17.263864,45.672734
-21.436219,18.081472,45.672734
-21.436219,18.899080,45.672734
-21.436219,19.716688,45.672734
-21.436219,20.534296,45.672734
-20.409021,-19.528496,45.672734
-20.409021,-18.710888,45.672734
-20.409021,-17.893280,45.672734
-20.409021,-17.075672,45.672734
-20.409021,-16.258064,45.672734
-20.409021,-15.440456,45.672734
-20.409021,-14.622848,45.672734
-20.409021,-13.805240,45.672734
-20.409021,-12.987632,45.672734
-20.409021,-12.170024,45.672734
-20.409021,-11.352416,45.672734
-20.409021,-10.534808,45.672734
-20.409021,-9.717200,45.672734
-20.409021,-8.899592,45.672734
-20.409021,-8.081984,45.672734
-20.409021,-7.264376,45.672734
-20.409021,-6.446768,45.672734
-20.409021,-5.629160,45.672734
-20.409021,-4.811552,45.672734
-20.409021,-3.993944,45.672734
-20.409021,-3.176336,13.954322
-20.409021,-2.358728,10.496632
-20.409021,-1.541120,9.100839
-20.409021,-0.723512,6.745163
-20.409021,0.094096,4.247351
-20.409021,0.911704,3.784135
-20.409021,1.729312,4.051627
-20.409021,2.546920,3.322353
-20.409021,3.364528,2.703343
-20.409021,4.182136,3.152614
-20.409021,4.999744,2.676084
-20.409021,5.817352,4.351291
-20.409021,6.634960,6.482373
-20.409021,7.452568,7.756474
-20.409021,8.270176,9.940068
-20.409021,9.087784,45.672734
-20.409021,9.905392,13.954322
-20.409021,10.723000,45.672734
-20.409021,11.540608,45.672734
-20.409021,12.358216,45.672734
-20.409021,13.175824,45.672734
-20.409021,13.993432,45.672734
-20.409021,14.811040,45.672734
-20.409021,15.628648,45.672734
-20.409021,16.446256,45.672734
-20.409021,17.263864,45.672734
-20.409021,18.081472,45.672734
-20.409021,18.899080,45.672734
-20.409021,19.716688,45.672734
-20.409021,20.534296,45.672734
-19.381823,-19.528496,45.672734
-19.381823,-18.710888,45.672734
-19.381823,-17.893280,45.672734
-19.381823,-17.075672,45.672734
-19.381823,-16.258064,45.672734
-19.381823,-15.440456,45.672734
-19.381823,-14.622848,45.672734
-19.381823,-13.805240,45.672734
-19.381823,-12.987632,45.672734
-19.381823,-12.170024,45.672734
-19.381823,-11.352416,45.672734
-19.381823,-10.534808,45.672734
-19.381823,-9.717200,45.672734
-19.381823,-8.899592,45.672734
-19.381823,-8.081984,45.672734
-19.381823,-7.264376,45.672734
-19.381823,-6.446768,45.672734
-19.381823,-5.629160,45.672734
-19.381823,-4.811552,45.672734
-19.381823,-3.993944,13.954322
-19.381823,-3.176336,13.954322
-19.381823,-2.358728,9.100839
-19.381823,-1.541120,7.756474
-19.381823,-0.723512,6.482373
-19.381823,0.094096,5.158881
-19.381823,0.911704,5.471062
-19.381823,1.729312,3.542572
-19.381823,2.546920,3.152614
-19.381823,3.364528,3.185650
-19.381823,4.182136,3.152614
-19.381823,4.999744,3.660430
-19.381823,5.817352,3.700987
-19.381823,6.634960,5.827984
-19.381823,7.452568,7.973498
-19.381823,8.270176,11.214168
-19.381823,9.087784,45.672734
-19.381823,9.905392,45.672734
-19.381823,10.723000,45.672734
-19.381823,11.540608,45.672734
-19.381823,12.358216,45.672734
-19.381823,13.175824,45.672734
-19.381823,13.993432,45.672734
-19.381823,14.811040,45.672734
-19.381823,15.628648,45.672734
-19.381823,16.446256,45.672734
-19.381823,17.263864,45.672734
-19.381823,18.081472,45.672734
-19.381823,18.899080,45.672734
-19.381823,19.716688,45.672734
-19.381823,20.534296,45.672734
-18.354625,-19.528496,45.672734
-18.354625,-18.710888,45.672734
-18.354625,-17.893280,45.672734
-18.354625,-17.075672,45.672734
-18.354625,-16.258064,45.672734
-18.354625,-15.440456,45.672734
-18.354625,-14.622848,45.672734
-18.354625,-13.805240,45.672734
-18.354625,-12.987632,45.672734
-18.354625,-12.170024,45.672734
-18.354625,-11.352416,45.672734
-18.354625,-10.534808,45.672734
-18.354625,-9.717200,45.672734
-18.354625,-8.899592,45.672734
-18.354625,-8.081984,45.672734
-18.354625,-7.264376,45.672734
-18.354625,-6.446768,45.672734
-18.354625,-5.629160,45.672734
-18.354625,-4.811552,45.672734
-18.354625,-3.993944,45.672734
-18.354625,-3.176336,13.954322
-18.354625,-2.358728,9.940068
-18.354625,-1.541120,7.973498
-18.354625,-0.723512,8.211221
-18.354625,0.094096,6.244651
-18.354625,0.911704,4.816674
-18.354625,1.729312,4.691938
-18.354625,2.546920,4.691938
-18.354625,3.364528,3.870151
-18.354625,4.182136,4.298779
-18.354625,4.999744,4.631833
-18.354625,5.817352,5.310090
-18.354625,6.634960,6.887728
-18.354625,7.452568,13.954322
-18.354625,8.270176,13.954322
-18.354625,9.087784,45.672734
-18.354625,9.905392,45.672734
-18.354625,10.723000,45.672734
-18.354625,11.540608,45.672734
-18.354625,12.358216,45.672734
-18.354625,13.175824,45.672734
-18.354625,13.993432,45.672734
-18.354625,14.811040,45.672734
-18.354625,15.628648,45.672734
-18.354625,16.446256,45.672734
-18.354625,17.263864,45.672734
-18.354625,18.081472,45.672734
-18.354625,18.899080,45.672734
-18.354625,19.716688,45.672734
-18.354625,20.534296,45.672734
-17.327427,-19.528496,45.672734
-17.327427,-18.710888,45.672734
-17.327427,-17.893280,45.672734
-17.327427,-17.075672,45.672734
-17.327427,-16.258064,45.672734
-17.327427,-15.440456,45.672734
-17.327427,-14.622848,45.672734
-17.327427,-13.805240,45.672734
-17.327427,-12.987632,45.672734
-17.327427,-12.170024,45.672734
-17.327427,-11.352416,45.672734
-17.327427,-10.534808,45.672734
-17.327427,-9.717200,45.672734
-17.327427,-8.899592,45.672734
-17.327427,-8.081984,45.672734
-17.327427,-7.264376,45.672734
-17.327427,-6.446768,45.672734
-17.327427,-5.629160,45.672734
-17.327427,-4.811552,45.672734
-17.327427,-3.993944,12.225478
-17.327427,-3.176336,10.496632
-17.327427,-2.358728,12.225478
-17.327427,-1.541120,7.556832
-17.327427,-0.723512,7.371992
-17.327427,0.094096,6.360681
-17.327427,0.911704,6.244651
-17.327427,1.729312,4.515803
-17.327427,2.546920,4.515803
-17.327427,3.364528,5.643144
-17.327427,4.182136,5.158881
-17.327427,4.999744,6.133779
-17.327427,5.817352,7.199910
-17.327427,6.634960,8.211221
-17.327427,7.452568,13.954322
-17.327427,8.270176,13.954322
-17.327427,9.087784,45.672734
-17.327427,9.905392,45.672734
-17.327427,10.723000,45.672734
-17.327427,11.540608,45.672734
-17.327427,12.358216,45.672734
-17.327427,13.175824,45.672734
-17.327427,13.993432,45.672734
-17.327427,14.811040,45.672734
-17.327427,15.628648,45.672734
-17.327427,16.446256,45.672734
-17.327427,17.263864,45.672734
-17.327427,18.081472,45.672734
-17.327427,18.899080,45.672734
-17.327427,19.716688,45.672734
-17.327427,20.534296,45.672734
-16.300229,-19.528496,45.672734
-16.300229,-18.710888,45.672734
-16.300229,-17.893280,45.672734
-16.300229,-17.075672,45.672734
-16.300229,-16.258064,45.672734
-16.300229,-15.440456,45.672734
-16.300229,-14.622848,45.672734
-16.300229,-13.805240,45.672734
-16.300229,-12.987632,45.672734
-16.300229,-12.170024,45.672734
-16.300229,-11.352416,45.672734
-16.300229,-10.534808,45.672734
-16.300229,-9.717200,45.672734
-16.300229,-8.899592,45.672734
-16.300229,-8.081984,45.672734
-16.300229,-7.264376,45.672734
-16.300229,-6.446768,45.672734
-16.300229,-5.629160,45.672734
-16.300229,-4.811552,45.672734
-16.300229,-3.993944,13.954322
-16.300229,-3.176336,10.496632
-16.300229,-2.358728,9.100839
-16.300229,-1.541120,7.973498
-16.300229,-0.723512,6.610309
-16.300229,0.094096,7.756474
-16.300229,0.911704,5.158881
-16.300229,1.729312,5.643144
-16.300229,2.546920,5.310090
-16.300229,3.364528,5.827984
-16.300229,4.182136,7.199910
-16.300229,4.999744,7.199910
-16.300229,5.817352,9.485321
-16.300229,6.634960,9.100839
-16.300229,7.452568,45.672734
-16.300229,8.270176,45.672734
-16.300229,9.087784,45.672734
-16.300229,9.905392,45.672734
-16.300229,10.723000,45.672734
-16.300229,11.540608,45.672734
-16.300229,12.358216,45.672734
-16.300229,13.175824,45.672734
-16.300229,13.993432,45.672734
-16.300229,14.811040,45.672734
-16.300229,15.628648,45.672734
-16.300229,16.446256,45.672734
-16.300229,17.263864,45.672734
-16.300229,18.081472,45.672734
-16.300229,18.899080,45.672734
-16.300229,19.716688,45.672734
-16.300229,20.534296,45.672734
-15.273031,-19.528496,45.672734
-15.273031,-18.710888,45.672734
-15.273031,-17.893280,45.672734
-15.273031,-17.075672,45.672734
-15.273031,-16.258064,45.672734
-15.273031,-15.440456,45.672734
-15.273031,-14.622848,45.672734
-15.273031,-13.805240,45.672734
-15.273031,-12.987632,45.672734
-15.273031,-12.170024,45.672734
-15.273031,-11.352416,45.672734
-15.273031,-10.534808,45.672734
-15.273031,-9.717200,45.672734
-15.273031,-8.899592,45.672734
-15.273031,-8.081984,45.672734
-15.273031,-7.264376,45.672734
-15.273031,-6.446768,45.672734
-15.273031,-5.629160,45.672734
-15.273031,-4.811552,10.496632
-15.273031,-3.993944,10.496632
-15.273031,-3.176336,9.485321
-15.273031,-2.358728,6.745163
-15.273031,-1.541120,7.371992
-15.273031,-0.723512,6.745163
-15.273031,0.094096,5.389278
-15.273031,0.911704,5.643144
-15.273031,1.729312,6.244651
-15.273031,2.546920,6.133779
-15.273031,3.364528,7.371992
-15.273031,4.182136,9.485321
-15.273031,4.999744,9.940068
-15.273031,5.817352,10.496632
-15.273031,6.634960,45.672734
-15.273031,7.452568,45.672734
-15.273031,8.270176,45.672734
-15.273031,9.087784,45.672734
-15.273031,9.905392,45.672734
-15.273031,10.723000,45.672734
-15.273031,11.540608,45.672734
-15.273031,12.358216,45.672734
-15.273031,13.175824,45.672734
-15.273031,13.993432,45.672734
-15.273031,14.811040,45.672734
-15.273031,15.628648,45.672734
-15.273031,16.446256,45.672734
-15.273031,17.263864,45.672734
-15.273031,18.081472,45.672734
-15.273031,18.899080,45.672734
-15.273031,19.716688,45.672734
-15.273031,20.534296,45.672734
-14.245833,-19.528496,45.672734
-14.245833,-18.710888,45.672734
-14.245833,-17.893280,45.672734
-14.245833,-17.075672,45.672734
-14.245833,-16.258064,45.672734
-14.245833,-15.440456,45.672734
-14.245833,-14.622848,45.672734
-14.245833,-13.805240,45.672734
-14.245833,-12.987632,45.672734
-14.245833,-12.170024,45.672734
-14.245833,-11.352416,45.672734
-14.245833,-10.534808,45.672734
-14.245833,-9.717200,45.672734
-14.245833,-8.899592,45.672734
-14.245833,-8.081984,45.672734
-14.245833,-7.264376,45.672734
-14.245833,-6.446768,12.225478
-14.245833,-5.629160,10.496632
-14.245833,-4.811552,7.973498
-14.245833,-3.993944,7.973498
-14.245833,-3.176336,8.474011
-14.245833,-2.358728,6.745163
-14.245833,-1.541120,5.925809
-14.245833,-0.723512,5.471062
-14.245833,0.094096,5.643144
-14.245833,0.911704,5.643144
-14.245833,1.729312,6.133779
-14.245833,2.546920,7.038938
-14.245833,3.364528,11.214168
-14.245833,4.182136,10.496632
-14.245833,4.999744,13.954322
-14.245833,5.817352,13.954322
-14.245833,6.634960,45.672734
-14.245833,7.452568,45.672734
-14.245833,8.270176,45.672734
-14.245833,9.087784,45.672734
-14.245833,9.905392,45.672734
-14.245833,10.723000,45.672734
-14.245833,11.540608,45.672734
-14.245833,12.358216,45.672734
-14.245833,13.175824,45.672734
-14.245833,13.993432,45.672734
-14.245833,14.811040,45.672734
-14.245833,15.628648,45.672734
-14.245833,16.446256,45.672734
-14.245833,17.263864,45.672734
-14.245833,18.081472,45.672734
-14.245833,18.899080,45.672734
-14.245833,19.716688,45.672734
-14.245833,20.534296,45.672734
-13.218635,-19.528496,45.672734
-13.218635,-18.710888,45.672734
-13.218635,-17.893280,45.672734
-13.218635,-17.075672,45.672734
-13.218635,-16.258064,45.672734
-13.218635,-15.440456,45.672734
-13.218635,-14.622848,45.672734
-13.218635,-13.805240,45.672734
-13.218635,-12.987632,45.672734
-13.218635,-12.170024,45.672734
-13.218635,-11.352416,45.672734
-13.218635,-10.534808,45.672734
-13.218635,-9.717200,45.672734
-13.218635,-8.899592,45.672734
-13.218635,-8.081984,45.672734
-13.218635,-7.264376,13.954322
-13.218635,-6.446768,11.214168
-13.218635,-5.629160,13.954322
-13.218635,-4.811552,7.756474
-13.218635,-3.993944,7.199910
-13.218635,-3.176336,5.158881
-13.218635,-2.358728,6.482373
-13.218635,-1.541120,5.310090
-13.218635,-0.723512,5.733853
-13.218635,0.094096,6.133779
-13.218635,0.911704,7.756474
-13.218635,1.729312,7.038938
-13.218635,2.546920,9.485321
-13.218635,3.364528,9.940068
-13.218635,4.182136,13.954322
-13.218635,4.999744,13.954322
-13.218635,5.817352,45.672734
-13.218635,6.634960,45.672734
-13.218635,7.452568,45.672734
-13.218635,8.270176,45.672734
-13.218635,9.087784,45.672734
-13.218635,9.905392,45.672734
-13.218635,10.723000,45.672734
-13.218635,11.540608,45.672734
-13.218635,12.358216,45.672734
-13.218635,13.175824,45.672734
-13.218635,13.993432,45.672734
-13.218635,14.811040,45.672734
-13.218635,15.628648,45.672734
-13.218635,16.446256,45.672734
-13.218635,17.263864,45.672734
-13.218635,18.081472,45.672734
-13.218635,18.899080,45.672734
-13.218635,19.716688,45.672734
-13.218635,20.534296,45.672734
-12.191437,-19.528496,45.672734
-12.191437,-18.710888,45.672734
-12.191437,-17.893280,45.672734
-12.191437,-17.075672,45.672734
-12.191437,-16.258064,45.672734
-12.191437,-15.440456,45.672734
-12.191437,-14.622848,45.672734
-12.191437,-13.805240,45.672734
-12.191437,-12.987632,45.672734
-12.191437,-12.170024,45.672734
-12.191437,-11.352416,45.672734
-12.191437,-10.534808,45.672734
-12.191437,-9.717200,45.672734
-12.191437,-8.899592,45.672734
-12.191437,-8.081984,45.672734
-12.191437,-7.264376,45.672734
-12.191437,-6.446768,9.940068
-12.191437,-5.629160,7.556832
-12.191437,-4.811552,6.482373
-12.191437,-3.993944,4.881462
-12.191437,-3.176336,4.298779
-12.191437,-2.358728,3.826772
-12.191437,-1.541120,4.691938
-12.191437,-0.723512,5.086580
-12.191437,0.094096,7.556832
-12.191437,0.911704,6.887728
-12.191437,1.729312,8.211221
-12.191437,2.546920,10.496632
-12.191437,3.364528,11.214168
-12.191437,4.182136,45.672734
-12.191437,4.999744,13.954322
-12.191437,5.817352,45.672734
-12.191437,6.634960,45.672734
-12.191437,7.452568,45.672734
-12.191437,8.270176,45.672734
-12.191437,9.087784,45.672734
-12.191437,9.905392,45.672734
-12.191437,10.723000,45.672734
-12.191437,11.540608,45.672734
-12.191437,12.358216,45.672734
-12.191437,13.175824,45.672734
-12.191437,13.993432,45.672734
-12.191437,14.811040,45.672734
-12.191437,15.628648,45.672734
-12.191437,16.446256,45.672734
-12.191437,17.263864,45.672734
-12.191437,18.081472,45.672734
-12.191437,18.899080,45.672734
-12.191437,19.716688,45.672734
-12.191437,20.534296,45.672734
-11.164239,-19.528496,45.672734
-11.164239,-18.710888,45.672734
-11.164239,-17.893280,45.672734
-11.164239,-17.075672,45.672734
-11.164239,-16.258064,45.672734
-11.164239,-15.440456,45.672734
-11.164239,-14.622848,45.672734
-11.164239,-13.805240,45.672734
-11.164239,-12.987632,45.672734
-11.164239,-12.170024,45.672734
-11.164239,-11.352416,45.672734
-11.164239,-10.534808,45.672734
-11.164239,-9.717200,45.672734
-11.164239,-8.899592,45.672734
-11.164239,-8.081984,12.225478
-11.164239,-7.264376,12.225478
-11.164239,-6.446768,7.756474
-11.164239,-5.629160,6.027627
-11.164239,-4.811552,5.827984
-11.164239,-3.993944,4.515803
-11.164239,-3.176336,4.147570
-11.164239,-2.358728,3.466985
-11.164239,-1.541120,4.099137
-11.164239,-0.723512,5.389278
-11.164239,0.094096,7.973498
-11.164239,0.911704,7.973498
-11.164239,1.729312,9.940068
-11.164239,2.546920,12.225478
-11.164239,3.364528,13.954322
-11.164239,4.182136,45.672734
-11.164239,4.999744,45.672734
-11.164239,5.817352,45.672734
-11.164239,6.634960,45.672734
-11.164239,7.452568,45.672734
-11.164239,8.270176,45.672734
-11.164239,9.087784,45.672734
-11.164239,9.905392,45.672734
-11.164239,10.723000,45.672734
-11.164239,11.540608,45.672734
-11.164239,12.358216,45.672734
-11.164239,13.175824,45.672734
-11.164239,13.993432,45.672734
-11.164239,14.811040,45.672734
-11.164239,15.628648,45.672734
-11.164239,16.446256,45.672734
-11.164239,17.263864,45.672734
-11.164239,18.081472,45.672734
-11.164239,18.899080,45.672734
-11.164239,19.716688,45.672734
-11.164239,20.534296,45.672734
-10.137041,-19.528496,45.672734
-10.137041,-18.710888,45.672734
-10.137041,-17.893280,45.672734
-10.137041,-17.075672,45.672734
-10.137041,-16.258064,45.672734
-10.137041,-15.440456,45.672734
-10.137041,-14.622848,45.672734
-10.137041,-13.805240,45.672734
-10.137041,-12.987632,45.672734
-10.137041,-12.170024,45.672734
-10.137041,-11.352416,45.672734
-10.137041,-10.534808,45.672734
-10.137041,-9.717200,45.672734
-10.137041,-8.899592,45.672734
-10.137041,-8.081984,45.672734
-10.137041,-7.264376,12.225478
-10.137041,-6.446768,9.485321
-10.137041,-5.629160,7.199910
-10.137041,-4.811552,5.086580
-10.137041,-3.993944,5.016316
-10.137041,-3.176336,3.152614
-10.137041,-2.358728,3.914297
-10.137041,-1.541120,4.881462
-10.137041,-0.723512,6.360681
-10.137041,0.094096,7.556832
-10.137041,0.911704,9.100839
-10.137041,1.729312,13.954322
-10.137041,2.546920,13.954322
-10.137041,3.364528,45.672734
-10.137041,4.182136,45.672734
-10.137041,4.999744,45.672734
-10.137041,5.817352,45.672734
-10.137041,6.634960,45.672734
-10.137041,7.452568,45.672734
-10.137041,8.270176,45.672734
-10.137041,9.087784,45.672734
-10.137041,9.905392,45.672734
-10.137041,10.723000,45.672734
-10.137041,11.540608,45.672734
-10.137041,12.358216,45.672734
-10.137041,13.175824,45.672734
-10.137041,13.993432,45.672734
-10.137041,14.811040,45.672734
-10.137041,15.628648,45.672734
-10.137041,16.446256,45.672734
-10.137041,17.263864,45.672734
-10.137041,18.081472,45.672734
-10.137041,18.899080,45.672734
-10.137041,19.716688,45.672734
-10.137041,20.534296,45.672734
-9.109843,-19.528496,45.672734
-9.109843,-18.710888,45.672734
-9.109843,-17.893280,45.672734
-9.109843,-17.075672,45.672734
-9.109843,-16.258064,45.672734
-9.109843,-15.440456,45.672734
-9.109843,-14.622848,45.672734
-9.109843,-13.805240,45.672734
-9.109843,-12.987632,45.672734
-9.109843,-12.170024,45.672734
-9.109843,-11.352416,45.672734
-9.109843,-10.534808,45.672734
-9.109843,-9.717200,45.672734
-9.109843,-8.899592,45.672734
-9.109843,-8.081984,45.672734
-9.109843,-7.264376,12.225478
-9.109843,-6.446768,7.973498
-9.109843,-5.629160,7.199910
-9.109843,-4.811552,5.643144
-9.109843,-3.993944,4.816674
-9.109843,-3.176336,3.742215
-9.109843,-2.358728,4.351291
-9.109843,-1.541120,5.827984
-9.109843,-0.723512,8.474011
-9.109843,0.094096,7.756474
-9.109843,0.911704,12.225478
-9.109843,1.729312,11.214168
-9.109843,2.546920,45.672734
-9.109843,3.364528,45.672734
-9.109843,4.182136,45.672734
-9.109843,4.999744,45.672734
-9.109843,5.817352,45.672734
-9.109843,6.634960,45.672734
-9.109843,7.452568,45.672734
-9.109843,8.270176,45.672734
-9.109843,9.087784,45.672734
-9.109843,9.905392,45.672734
-9.109843,10.723000,45.672734
-9.109843,11.540608,45.672734
-9.109843,12.358216,45.672734
-9.109843,13.175824,45.672734
-9.109843,13.993432,45.672734
-9.109843,14.811040,45.672734
-9.109843,15.628648,45.672734
-9.109843,16.446256,45.672734
-9.109843,17.263864,45.672734
-9.109843,18.081472,45.672734
-9.109843,18.899080,45.672734
-9.109843,19.716688,45.672734
-9.109843,20.534296,45.672734
-8.082645,-19.528496,45.672734
-8.082645,-18.710888,45.672734
-8.082645,-17.893280,45.672734
-8.082645,-17.075672,45.672734
-8.082645,-16.258064,45.672734
-8.082645,-15.440456,45.672734
-8.082645,-14.622848,45.672734
-8.082645,-13.805240,45.672734
-8.082645,-12.987632,45.672734
-8.082645,-12.170024,45.672734
-8.082645,-11.352416,45.672734
-8.082645,-10.534808,45.672734
-8.082645,-9.717200,45.672734
-8.082645,-8.899592,45.672734
-8.082645,-8.081984,13.954322
-8.082645,-7.264376,45.672734
-8.082645,-6.446768,8.211221
-8.082645,-5.629160,7.199910
-8.082645,-4.811552,5.555620
-8.082645,-3.993944,5.389278
-8.082645,-3.176336,5.925809
-8.082645,-2.358728,5.555620
-8.082645,-1.541120,6.360681
-8.082645,-0.723512,9.100839
-8.082645,0.094096,12.225478
-8.082645,0.911704,11.214168
-8.082645,1.729312,45.672734
-8.082645,2.546920,45.672734
-8.082645,3.364528,45.672734
-8.082645,4.182136,45.672734
-8.082645,4.999744,45.672734
-8.082645,5.817352,45.672734
-8.082645,6.634960,45.672734
-8.082645,7.452568,45.672734
-8.082645,8.270176,45.672734
-8.082645,9.087784,45.672734
-8.082645,9.905392,45.672734
-8.082645,10.723000,45.672734
-8.082645,11.540608,45.672734
-8.082645,12.358216,45.672734
-8.082645,13.175824,45.672734
-8.082645,13.993432,45.672734
-8.082645,14.811040,45.672734
-8.082645,15.628648,45.672734
-8.082645,16.446256,45.672734
-8.082645,17.263864,45.672734
-8.082645,18.081472,45.672734
-8.082645,18.899080,45.672734
-8.082645,19.716688,45.672734
-8.082645,20.534296,45.672734
-7.055447,-19.528496,45.672734
-7.055447,-18.710888,45.672734
-7.055447,-17.893280,45.672734
-7.055447,-17.075672,45.672734
-7.055447,-16.258064,45.672734
-7.055447,-15.440456,45.672734
-7.055447,-14.622848,45.672734
-7.055447,-13.805240,45.672734
-7.055447,-12.987632,45.672734
-7.055447,-12.170024,13.954322
-7.055447,-11.352416,45.672734
-7.055447,-10.534808,45.672734
-7.055447,-9.717200,13.954322
-7.055447,-8.899592,13.954322
-7.055447,-8.081984,45.672734
-7.055447,-7.264376,10.496632
-7.055447,-6.446768,8.767785
-7.055447,-5.629160,7.199910
-7.055447,-4.811552,6.360681
-7.055447,-3.993944,5.233340
-7.055447,-3.176336,6.610309
-7.055447,-2.358728,6.360681
-7.055447,-1.541120,8.474011
-7.055447,-0.723512,10.496632
-7.055447,0.094096,13.954322
-7.055447,0.911704,45.672734
-7.055447,1.729312,45.672734
-7.055447,2.546920,45.672734
-7.055447,3.364528,45.672734
-7.055447,4.182136,45.672734
-7.055447,4.999744,45.672734
-7.055447,5.817352,45.672734
-7.055447,6.634960,45.672734
-7.055447,7.452568,45.672734
-7.055447,8.270176,45.672734
-7.055447,9.087784,45.672734
-7.055447,9.905392,45.672734
-7.055447,10.723000,45.672734
-7.055447,11.540608,45.672734
-7.055447,12.358216,45.672734
-7.055447,13.175824,45.672734
-7.055447,13.993432,45.672734
-7.055447,14.811040,45.672734
-7.055447,15.628648,45.672734
-7.055447,16.446256,45.672734
-7.055447,17.263864,45.672734
-7.055447,18.081472,45.672734
-7.055447,18.899080,45.672734
-7.055447,19.716688,45.672734
-7.055447,20.534296,45.672734
-6.028249,-19.528496,45.672734
-6.028249,-18.710888,45.672734
-6.028249,-17.893280,45.672734
-6.028249,-17.075672,45.672734
-6.028249,-16.258064,45.672734
-6.028249,-15.440456,45.672734
-6.028249,-14.622848,45.672734
-6.028249,-13.805240,45.672734
-6.028249,-12.987632,45.672734
-6.028249,-12.170024,45.672734
-6.028249,-11.352416,13.954322
-6.028249,-10.534808,12.225478
-6.028249,-9.717200,11.214168
-6.028249,-8.899592,13.954322
-6.028249,-8.081984,9.940068
-6.028249,-7.264376,10.496632
-6.028249,-6.446768,7.973498
-6.028249,-5.629160,5.471062
-6.028249,-4.811552,5.827984
-6.028249,-3.993944,5.086580
-6.028249,-3.176336,5.389278
-6.028249,-2.358728,7.556832
-6.028249,-1.541120,9.100839
-6.028249,-0.723512,10.496632
-6.028249,0.094096,13.954322
-6.028249,0.911704,45.672734
-6.028249,1.729312,45.672734
-6.028249,2.546920,45.672734
-6.028249,3.364528,45.672734
-6.028249,4.182136,45.672734
-6.028249,4.999744,45.672734
-6.028249,5.817352,45.672734
-6.028249,6.634960,45.672734
-6.028249,7.452568,45.672734
-6.028249,8.270176,45.672734
-6.028249,9.087784,45.672734
-6.028249,9.905392,45.672734
-6.028249,10.723000,45.672734
-6.028249,11.540608,45.672734
-6.028249,12.358216,45.672734
-6.028249,13.175824,45.672734
-6.028249,13.993432,45.672734
-6.028249,14.811040,45.672734
-6.028249,15.628648,45.672734
-6.028249,16.446256,45.672734
-6.028249,17.263864,45.672734
-6.028249,18.081472,45.672734
-6.028249,18.899080,45.672734
-6.028249,19.716688,45.672734
-6.028249,20.534296,45.672734
-5.001051,-19.528496,45.672734
-5.001051,-18.710888,45.672734
-5.001051,-17.893280,45.672734
-5.001051,-17.075672,45.672734
-5.001051,-16.258064,45.672734
-5.001051,-15.440456,45.672734
-5.001051,-14.622848,45.672734
-5.001051,-13.805240,45.672734
-5.001051,-12.987632,13.954322
-5.001051,-12.170024,45.672734
-5.001051,-11.352416,13.954322
-5.001051,-10.534808,12.225478
-5.001051,-9.717200,9.940068
-5.001051,-8.899592,9.485321
-5.001051,-8.081984,9.100839
-5.001051,-7.264376,8.211221
-5.001051,-6.446768,5.310090
-5.001051,-5.629160,4.196961
-5.001051,-4.811552,5.158881
-5.001051,-3.993944,5.310090
-5.001051,-3.176336,6.360681
-5.001051,-2.358728,6.745163
-5.001051,-1.541120,13.954322
-5.001051,-0.723512,10.496632
-5.001051,0.094096,45.672734
-5.001051,0.911704,45.672734
-5.001051,1.729312,45.672734
-5.001051,2.546920,45.672734
-5.001051,3.364528,45.672734
-5.001051,4.182136,45.672734
-5.001051,4.999744,45.672734
-5.001051,5.817352,45.672734
-5.001051,6.634960,45.672734
-5.001051,7.452568,45.672734
-5.001051,8.270176,45.672734
-5.001051,9.087784,45.672734
-5.001051,9.905392,45.672734
-5.001051,10.723000,45.672734
-5.001051,11.540608,45.672734
-5.001051,12.358216,45.672734
-5.001051,13.175824,45.672734
-5.001051,13.993432,45.672734
-5.001051,14.811040,45.672734
-5.001051,15.628648,45.672734
-5.001051,16.446256,45.672734
-5.001051,17.263864,45.672734
-5.001051,18.081472,45.672734
-5.001051,18.899080,45.672734
-5.001051,19.716688,45.672734
-5.001051,20.534296,45.672734
-3.973853,-19.528496,45.672734
-3.973853,-18.710888,45.672734
-3.973853,-17.893280,45.672734
-3.973853,-17.075672,45.672734
-3.973853,-16.258064,45.672734
-3.973853,-15.440456,45.672734
-3.973853,-14.622848,45.672734
-3.973853,-13.805240,45.672734
-3.973853,-12.987632,45.672734
-3.973853,-12.170024,11.214168
-3.973853,-11.352416,45.672734
-3.973853,-10.534808,9.940068
-3.973853,-9.717200,8.767785
-3.973853,-8.899592,7.556832
-3.973853,-8.081984,6.745163
-3.973853,-7.264376,5.643144
-3.973853,-6.446768,5.733853
-3.973853,-5.629160,5.233340
-3.973853,-4.811552,4.816674
-3.973853,-3.993944,5.158881
-3.973853,-3.176336,4.816674
-3.973853,-2.358728,7.756474
-3.973853,-1.541120,9.485321
-3.973853,-0.723512,11.214168
-3.973853,0.094096,45.672734
-3.973853,0.911704,45.672734
-3.973853,1.729312,45.672734
-3.973853,2.546920,45.672734
-3.973853,3.364528,45.672734
-3.973853,4.182136,45.672734
-3.973853,4.999744,45.672734
-3.973853,5.817352,45.672734
-3.973853,6.634960,45.672734
-3.973853,7.452568,45.672734
-3.973853,8.270176,45.672734
-3.973853,9.087784,45.672734
-3.973853,9.905392,45.672734
-3.973853,10.723000,45.672734
-3.973853,11.540608,45.672734
-3.973853,12.358216,45.672734
-3.973853,13.175824,45.672734
-3.973853,13.993432,45.672734
-3.973853,14.811040,45.672734
-3.973853,15.628648,45.672734
-3.973853,16.446256,45.672734
-3.973853,17.263864,45.672734
-3.973853,18.081472,45.672734
-3.973853,18.899080,45.672734
-3.973853,19.716688,45.672734
-3.973853,20.534296,45.672734
-2.946655,-19.528496,45.672734
-2.946655,-18.710888,45.672734
-2.946655,-17.893280,45.672734
-2.946655,-17.075672,45.672734
-2.946655,-16.258064,45.672734
-2.946655,-15.440456,45.672734
-2.946655,-14.622848,45.672734
-2.946655,-13.805240,45.672734
-2.946655,-12.987632,45.672734
-2.946655,-12.170024,45.672734
-2.946655,-11.352416,12.225478
-2.946655,-10.534808,12.225478
-2.946655,-9.717200,7.199910
-2.946655,-8.899592,6.360681
-2.946655,-8.081984,5.389278
-2.946655,-7.264376,4.691938
-2.946655,-6.446768,4.947977
-2.946655,-5.629160,5.471062
-2.946655,-4.811552,4.573144
-2.946655,-3.993944,6.027627
-2.946655,-3.176336,6.482373
-2.946655,-2.358728,9.100839
-2.946655,-1.541120,9.940068
-2.946655,-0.723512,13.954322
-2.946655,0.094096,45.672734
-2.946655,0.911704,45.672734
-2.946655,1.729312,45.672734
-2.946655,2.546920,45.672734
-2.946655,3.364528,45.672734
-2.946655,4.182136,45.672734
-2.946655,4.999744,45.672734
-2.946655,5.817352,45.672734
-2.946655,6.634960,45.672734
-2.946655,7.452568,45.672734
-2.946655,8.270176,45.672734
-2.946655,9.087784,45.672734
-2.946655,9.905392,45.672734
-2.946655,10.723000,45.672734
-2.946655,11.540608,45.672734
-2.946655,12.358216,45.672734
-2.946655,13.175824,45.672734
-2.946655,13.993432,45.672734
-2.946655,14.811040,45.672734
-2.946655,15.628648,45.672734
-2.946655,16.446256,45.672734
-2.946655,17.263864,45.672734
-2.946655,18.081472,45.672734
-2.946655,18.899080,45.672734
-2.946655,19.716688,45.672734
-2.946655,20.534296,45.672734
-1.919457,-19.528496,45.672734
-1.919457,-18.710888,45.672734
-1.919457,-17.893280,45.672734
-1.919457,-17.075672,45.672734
-1.919457,-16.258064,45.672734
-1.919457,-15.440456,45.672734
-1.919457,-14.622848,45.672734
-1.919457,-13.805240,45.672734
-1.919457,-12.987632,45.672734
-1.919457,-12.170024,13.954322
-1.919457,-11.352416,9.940068
-1.919457,-10.534808,8.767785
-1.919457,-9.717200,8.474011
-1.919457,-8.899592,7.556832
-1.919457,-8.081984,5.733853
-1.919457,-7.264376,4.515803
-1.919457,-6.446768,5.555620
-1.919457,-5.629160,5.925809
-1.919457,-4.811552,5.733853
-1.919457,-3.993944,6.027627
-1.919457,-3.176336,9.940068
-1.919457,-2.358728,9.940068
-1.919457,-1.541120,11.214168
-1.919457,-0.723512,13.954322
-1.919457,0.094096,45.672734
-1.919457,0.911704,45.672734
-1.919457,1.729312,45.672734
-1.919457,2.546920,45.672734
-1.919457,3.364528,45.672734
-1.919457,4.182136,45.672734
-1.919457,4.999744,45.672734
-1.919457,5.817352,45.672734
-1.919457,6.634960,45.672734
-1.919457,7.452568,45.672734
-1.919457,8.270176,45.672734
-1.919457,9.087784,45.672734
-1.919457,9.905392,45.672734
-1.919457,10.723000,45.672734
-1.919457,11.540608,45.672734
-1.919457,12.358216,13.954322
-1.919457,13.175824,45.672734
-1.919457,13.993432,45.672734
-1.919457,14.811040,45.672734
-1.919457,15.628648,45.672734
-1.919457,16.446256,45.672734
-1.919457,17.263864,45.672734
-1.919457,18.081472,45.672734
-1.919457,18.899080,45.672734
-1.919457,19.716688,45.672734
-1.919457,20.534296,45.672734
-0.892259,-19.528496,45.672734
-0.892259,-18.710888,45.672734
-0.892259,-17.893280,45.672734
-0.892259,-17.075672,45.672734
-0.892259,-16.258064,45.672734
-0.892259,-15.440456,45.672734
-0.892259,-14.622848,13.954322
-0.892259,-13.805240,13.954322
-0.892259,-12.987632,12.225478
-0.892259,-12.170024,9.940068
-0.892259,-11.352416,9.940068
-0.892259,-10.534808,8.767785
-0.892259,-9.717200,6.887728
-0.892259,-8.899592,6.360681
-0.892259,-8.081984,6.610309
-0.892259,-7.264376,6.133779
-0.892259,-6.446768,5.925809
-0.892259,-5.629160,7.756474
-0.892259,-4.811552,7.756474
-0.892259,-3.993944,7.556832
-0.892259,-3.176336,9.100839
-0.892259,-2.358728,13.954322
-0.892259,-1.541120,45.672734
-0.892259,-0.723512,45.672734
-0.892259,0.094096,45.672734
-0.892259,0.911704,45.672734
-0.892259,1.729312,45.672734
-0.892259,2.546920,45.672734
-0.892259,3.364528,45.672734
-0.892259,4.182136,45.672734
-0.892259,4.999744,45.672734
-0.892259,5.817352,45.672734
-0.892259,6.634960,45.672734
-0.892259,7.452568,45.672734
-0.892259,8.270176,45.672734
-0.892259,9.087784,45.672734
-0.892259,9.905392,45.672734
-0.892259,10.723000,45.672734
-0.892259,11.540608,45.672734
-0.892259,12.358216,45.672734
-0.892259,13.175824,45.672734
-0.892259,13.993432,45.672734
-0.892259,14.811040,13.954322
-0.892259,15.628648,45.672734
-0.892259,16.446256,45.672734
-0.892259,17.263864,13.954322
-0.892259,18.081472,45.672734
-0.892259,18.899080,45.672734
-0.892259,19.716688,45.672734
-0.892259,20.534296,45.672734
0.134939,-19.528496,45.672734
0.134939,-18.710888,45.672734
0.134939,-17.893280,45.672734
0.134939,-17.075672,45.672734
0.134939,-16.258064,45.672734
0.134939,-15.440456,13.954322
0.134939,-14.622848,11.214168
0.134939,-13.805240,9.485321
0.134939,-12.987632,8.211221
0.134939,-12.170024,7.756474
0.134939,-11.352416,6.887728
0.134939,-10.534808,7.371992
0.134939,-9.717200,7.556832
0.134939,-8.899592,8.211221
0.134939,-8.081984,8.211221
0.134939,-7.264376,7.371992
0.134939,-6.446768,7.973498
0.134939,-5.629160,9.485321
0.134939,-4.811552,9.485321
0.134939,-3.993944,9.940068
0.134939,-3.176336,13.954322
0.134939,-2.358728,13.954322
0.134939,-1.541120,45.672734
0.134939,-0.723512,45.672734
0.134939,0.094096,45.672734
0.134939,0.911704,45.672734
0.134939,1.729312,45.672734
0.134939,2.546920,45.672734
0.134939,3.364528,45.672734
0.134939,4.182136,45.672734
0.134939,4.999744,45.672734
0.134939,5.817352,45.672734
0.134939,6.634960,45.672734
0.134939,7.452568,45.672734
0.134939,8.270176,45.672734
0.134939,9.087784,45.672734
0.134939,9.905392,45.672734
0.134939,10.723000,45.672734
0.134939,11.540608,13.954322
0.134939,12.358216,13.954322
0.134939,13.175824,45.672734
0.134939,13.993432,13.954322
0.134939,14.811040,11.214168
0.134939,15.628648,12.225478
0.134939,16.446256,13.954322
0.134939,17.263864,13.954322
0.134939,18.081472,45.672734
0.134939,18.899080,45.672734
0.134939,19.716688,45.672734
0.134939,20.534296,45.672734
1.162137,-19.528496,45.672734
1.162137,-18.710888,45.672734
1.162137,-17.893280,45.672734
1.162137,-17.075672,45.672734
1.162137,-16.258064,45.672734
1.162137,-15.440456,12.225478
1.162137,-14.622848,9.485321
1.162137,-13.805240,6.027627
1.162137,-12.987632,4.631833
1.162137,-12.170024,3.620522
1.162137,-11.352416,3.784135
1.162137,-10.534808,5.925809
1.162137,-9.717200,6.133779
1.162137,-8.899592,8.211221
1.162137,-8.081984,7.973498
1.162137,-7.264376,9.485321
1.162137,-6.446768,11.214168
1.162137,-5.629160,9.485321
1.162137,-4.811552,10.496632
1.162137,-3.993944,13.954322
1.162137,-3.176336,13.954322
1.162137,-2.358728,13.954322
1.162137,-1.541120,13.954322
1.162137,-0.723512,45.672734
1.162137,0.094096,45.672734
1.162137,0.911704,45.672734
1.162137,1.729312,45.672734
1.162137,2.546920,45.672734
1.162137,3.364528,45.672734
1.162137,4.182136,45.672734
1.162137,4.999744,45.672734
1.162137,5.817352,45.672734
1.162137,6.634960,45.672734
1.162137,7.452568,45.672734
1.162137,8.270176,45.672734
1.162137,9.087784,45.672734
1.162137,9.905392,45.672734
1.162137,10.723000,12.225478
1.162137,11.540608,12.225478
1.162137,12.358216,11.214168
1.162137,13.175824,12.225478
1.162137,13.993432,11.214168
1.162137,14.811040,12.225478
1.162137,15.628648,9.100839
1.162137,16.446256,10.496632
1.162137,17.263864,45.672734
1.162137,18.081472,45.672734
1.162137,18.899080,45.672734
1.162137,19.716688,45.672734
1.162137,20.534296,45.672734
2.189335,-19.528496,45.672734
2.189335,-18.710888,45.672734
2.189335,-17.893280,45.672734
2.189335,-17.075672,45.672734
2.189335,-16.258064,11.214168
2.189335,-15.440456,9.485321
2.189335,-14.622848,5.471062
2.189335,-13.805240,3.870151
2.189335,-12.987632,2.299359
2.189335,-12.170024,2.253169
2.189335,-11.352416,2.963090
2.189335,-10.534808,3.185650
2.189335,-9.717200,5.925809
2.189335,-8.899592,7.556832
2.189335,-8.081984,10.496632
2.189335,-7.264376,11.214168
2.189335,-6.446768,12.225478
2.189335,-5.629160,13.954322
2.189335,-4.811552,45.672734
2.189335,-3.993944,11.214168
2.189335,-3.176336,45.672734
2.189335,-2.358728,13.954322
2.189335,-1.541120,45.672734
2.189335,-0.723512,45.672734
2.189335,0.094096,45.672734
2.189335,0.911704,45.672734
2.189335,1.729312,45.672734
2.189335,2.546920,45.672734
2.189335,3.364528,45.672734
2.189335,4.182136,45.672734
2.189335,4.999744,45.672734
2.189335,5.817352,45.672734
2.189335,6.634960,45.672734
2.189335,7.452568,45.672734
2.189335,8.270176,45.672734
2.189335,9.087784,45.672734
2.189335,9.905392,13.954322
2.189335,10.723000,11.214168
2.189335,11.540608,11.214168
2.189335,12.358216,9.485321
2.189335,13.175824,8.474011
2.189335,13.993432,8.211221
2.189335,14.811040,7.371992
2.189335,15.628648,8.211221
2.189335,16.446256,12.225478
2.189335,17.263864,11.214168
2.189335,18.081472,13.954322
2.189335,18.899080,45.672734
2.189335,19.716688,45.672734
2.189335,20.534296,45.672734
3.216533,-19.528496,45.672734
3.216533,-18.710888,45.672734
3.216533,-17.893280,45.672734
3.216533,-17.075672,13.954322
3.216533,-16.258064,9.485321
3.216533,-15.440456,5.733853
3.216533,-14.622848,3.357732
3.216533,-13.805240,2.034239
3.216533,-12.987632,1.015951
3.216533,-12.170024,0.412455
3.216533,-11.352416,1.058108
3.216533,-10.534808,2.844296
3.216533,-9.717200,3.826772
3.216533,-8.899592,5.555620
3.216533,-8.081984,8.767785
3.216533,-7.264376,12.225478
3.216533,-6.446768,13.954322
3.216533,-5.629160,13.954322
3.216533,-4.811552,12.225478
3.216533,-3.993944,12.225478
3.216533,-3.176336,12.225478
3.216533,-2.358728,45.672734
3.216533,-1.541120,12.225478
3.216533,-0.723512,13.954322
3.216533,0.094096,45.672734
3.216533,0.911704,45.672734
3.216533,1.729312,45.672734
3.216533,2.546920,45.672734
3.216533,3.364528,45.672734
3.216533,4.182136,45.672734
3.216533,4.999744,45.672734
3.216533,5.817352,45.672734
3.216533,6.634960,45.672734
3.216533,7.452568,45.672734
3.216533,8.270176,12.225478
3.216533,9.087784,45.672734
3.216533,9.905392,12.225478
3.216533,10.723000,9.485321
3.216533,11.540608,7.038938
3.216533,12.358216,7.756474
3.216533,13.175824,6.482373
3.216533,13.993432,5.925809
3.216533,14.811040,7.038938
3.216533,15.628648,6.887728
3.216533,16.446256,7.756474
3.216533,17.263864,10.496632
3.216533,18.081472,9.940068
3.216533,18.899080,11.214168
3.216533,19.716688,45.672734
3.216533,20.534296,45.672734
4.243731,-19.528496,45.672734
4.243731,-18.710888,45.672734
4.243731,-17.893280,45.672734
4.243731,-17.075672,10.496632
4.243731,-16.258064,7.199910
4.243731,-15.440456,4.573144
4.243731,-14.622848,2.141303
4.243731,-13.805240,1.043976
4.243731,-12.987632,0.456602
4.243731,-12.170024,0.222931
4.243731,-11.352416,0.379851
4.243731,-10.534808,2.055287
4.243731,-9.717200,3.466985
4.243731,-8.899592,5.310090
4.243731,-8.081984,7.371992
4.243731,-7.264376,11.214168
4.243731,-6.446768,13.954322
4.243731,-5.629160,45.672734
4.243731,-4.811552,45.672734
4.243731,-3.993944,13.954322
4.243731,-3.176336,45.672734
4.243731,-2.358728,13.954322
4.243731,-1.541120,13.954322
4.243731,-0.723512,13.954322
4.243731,0.094096,45.672734
4.243731,0.911704,45.672734
4.243731,1.729312,13.954322
4.243731,2.546920,13.954322
4.243731,3.364528,45.672734
4.243731,4.182136,45.672734
4.243731,4.999744,45.672734
4.243731,5.817352,45.672734
4.243731,6.634960,13.954322
4.243731,7.452568,45.672734
4.243731,8.270176,45.672734
4.243731,9.087784,9.485321
4.243731,9.905392,9.100839
4.243731,10.723000,7.556832
4.243731,11.540608,7.371992
4.243731,12.358216,5.827984
4.243731,13.175824,4.753526
4.243731,13.993432,4.351291
4.243731,14.811040,4.816674
4.243731,15.628648,4.351291
4.243731,16.446256,6.887728
4.243731,17.263864,7.371992
4.243731,18.081472,10.496632
4.243731,18.899080,9.100839
4.243731,19.716688,11.214168
4.243731,20.534296,45.672734
5.270929,-19.528496,45.672734
5.270929,-18.710888,45.672734
5.270929,-17.893280,12.225478
5.270929,-17.075672,11.214168
5.270929,-16.258064,6.745163
5.270929,-15.440456,4.147570
5.270929,-14.622848,1.558621
5.270929,-13.805240,0.390672
5.270929,-12.987632,0.000000
5.270929,-12.170024,0.056263
5.270929,-11.352416,0.617574
5.270929,-10.534808,1.738137
5.270929,-9.717200,2.932857
5.270929,-8.899592,4.005005
5.270929,-8.081984,8.211221
5.270929,-7.264376,9.100839
5.270929,-6.446768,12.225478
5.270929,-5.629160,45.672734
5.270929,-4.811552,45.672734
5.270929,-3.993944,45.672734
5.270929,-3.176336,13.954322
5.270929,-2.358728,13.954322
5.270929,-1.541120,13.954322
5.270929,-0.723512,45.672734
5.270929,0.094096,45.672734
5.270929,0.911704,13.954322
5.270929,1.729312,45.672734
5.270929,2.546920,13.954322
5.270929,3.364528,45.672734
5.270929,4.182136,45.672734
5.270929,4.999744,13.954322
5.270929,5.817352,45.672734
5.270929,6.634960,13.954322
5.270929,7.452568,11.214168
5.270929,8.270176,12.225478
5.270929,9.087784,9.485321
5.270929,9.905392,9.940068
5.270929,10.723000,6.745163
5.270929,11.540608,5.389278
5.270929,12.358216,4.816674
5.270929,13.175824,3.087826
5.270929,13.993432,4.573144
5.270929,14.811040,3.784135
5.270929,15.628648,3.914297
5.270929,16.446256,4.691938
5.270929,17.263864,7.756474
5.270929,18.081472,9.940068
5.270929,18.899080,8.474011
5.270929,19.716688,12.225478
5.270929,20.534296,45.672734
6.298127,-19.528496,45.672734
6.298127,-18.710888,45.672734
6.298127,-17.893280,45.672734
6.298127,-17.075672,7.973498
6.298127,-16.258064,5.827984
6.298127,-15.440456,3.024678
6.298127,-14.622848,1.249497
6.298127,-13.805240,0.547310
6.298127,-12.987632,0.390672
6.298127,-12.170024,0.133310
6.298127,-11.352416,0.828127
6.298127,-10.534808,1.002056
6.298127,-9.717200,2.034239
6.298127,-8.899592,4.631833
6.298127,-8.081984,5.643144
6.298127,-7.264376,9.485321
6.298127,-6.446768,13.954322
6.298127,-5.629160,12.225478
6.298127,-4.811552,45.672734
6.298127,-3.993944,12.225478
6.298127,-3.176336,45.672734
6.298127,-2.358728,12.225478
6.298127,-1.541120,11.214168
6.298127,-0.723512,12.225478
6.298127,0.094096,12.225478
6.298127,0.911704,13.954322
6.298127,1.729312,45.672734
6.298127,2.546920,11.214168
6.298127,3.364528,10.496632
6.298127,4.182136,45.672734
6.298127,4.999744,45.672734
6.298127,5.817352,13.954322
6.298127,6.634960,45.672734
6.298127,7.452568,12.225478
6.298127,8.270176,10.496632
6.298127,9.087784,7.371992
6.298127,9.905392,7.199910
6.298127,10.723000,5.643144
6.298127,11.540608,4.005005
6.298127,12.358216,3.152614
6.298127,13.175824,2.544085
6.298127,13.993432,3.024678
6.298127,14.811040,2.932857
6.298127,15.628648,3.357732
6.298127,16.446256,4.515803
6.298127,17.263864,5.555620
6.298127,18.081472,8.211221
6.298127,18.899080,9.940068
6.298127,19.716688,10.496632
6.298127,20.534296,45.672734
7.325325,-19.528496,45.672734
7.325325,-18.710888,45.672734
7.325325,-17.893280,9.940068
7.325325,-17.075672,6.745163
7.325325,-16.258064,5.471062
7.325325,-15.440456,2.730904
7.325325,-14.622848,1.756820
7.325325,-13.805240,1.490282
7.325325,-12.987632,1.144621
7.325325,-12.170024,1.072320
7.325325,-11.352416,1.174138
7.325325,-10.534808,1.701185
7.325325,-9.717200,2.276157
7.325325,-8.899592,4.816674
7.325325,-8.081984,5.389278
7.325325,-7.264376,8.767785
7.325325,-6.446768,13.954322
7.325325,-5.629160,11.214168
7.325325,-4.811552,12.225478
7.325325,-3.993944,10.496632
7.325325,-3.176336,13.954322
7.325325,-2.358728,8.767785
7.325325,-1.541120,9.940068
7.325325,-0.723512,11.214168
7.325325,0.094096,12.225478
7.325325,0.911704,13.954322
7.325325,1.729312,12.225478
7.325325,2.546920,9.940068
7.325325,3.364528,9.485321
7.325325,4.182136,11.214168
7.325325,4.999744,10.496632
7.325325,5.817352,9.100839
7.325325,6.634960,12.225478
7.325325,7.452568,8.211221
7.325325,8.270176,8.211221
7.325325,9.087784,7.756474
7.325325,9.905392,6.133779
7.325325,10.723000,5.310090
7.325325,11.540608,4.404932
7.325325,12.358216,2.418722
7.325325,13.175824,2.253169
7.325325,13.993432,2.076515
7.325325,14.811040,2.676084
7.325325,15.628648,3.152614
7.325325,16.446256,4.247351
7.325325,17.263864,6.610309
7.325325,18.081472,9.100839
7.325325,18.899080,10.496632
7.325325,19.716688,12.225478
7.325325,20.534296,13.954322
8.352523,-19.528496,45.672734
8.352523,-18.710888,12.225478
8.352523,-17.893280,11.214168
8.352523,-17.075672,6.482373
8.352523,-16.258064,5.827984
8.352523,-15.440456,3.542572
8.352523,-14.622848,2.730904
8.352523,-13.805240,2.418722
8.352523,-12.987632,2.207819
8.352523,-12.170024,2.013367
8.352523,-11.352416,1.891675
8.352523,-10.534808,2.394388
8.352523,-9.717200,3.504492
8.352523,-8.899592,4.691938
8.352523,-8.081984,8.211221
8.352523,-7.264376,12.225478
8.352523,-6.446768,9.940068
8.352523,-5.629160,11.214168
8.352523,-4.811552,11.214168
8.352523,-3.993944,9.940068
8.352523,-3.176336,9.940068
8.352523,-2.358728,8.767785
8.352523,-1.541120,9.100839
8.352523,-0.723512,9.485321
8.352523,0.094096,9.485321
8.352523,0.911704,8.211221
8.352523,1.729312,8.211221
8.352523,2.546920,7.556832
8.352523,3.364528,8.211221
8.352523,4.182136,8.767785
8.352523,4.999744,8.767785
8.352523,5.817352,11.214168
8.352523,6.634960,7.756474
8.352523,7.452568,8.767785
8.352523,8.270176,6.027627
8.352523,9.087784,6.482373
8.352523,9.905392,5.016316
8.352523,10.723000,3.914297
8.352523,11.540608,3.430033
8.352523,12.358216,2.703343
8.352523,13.175824,2.119519
8.352523,13.993432,2.622443
8.352523,14.811040,2.786956
8.352523,15.628648,3.914297
8.352523,16.446256,5.389278
8.352523,17.263864,7.371992
8.352523,18.081472,8.767785
8.352523,18.899080,12.225478
8.352523,19.716688,45.672734
8.352523,20.534296,45.672734
9.379721,-19.528496,13.954322
9.379721,-18.710888,12.225478
9.379721,-17.893280,12.225478
9.379721,-17.075672,7.973498
9.379721,-16.258064,6.745163
9.379721,-15.440456,5.471062
9.379721,-14.622848,4.691938
9.379721,-13.805240,3.826772
9.379721,-12.987632,3.784135
9.379721,-12.170024,3.253065
9.379721,-11.352416,2.596049
9.379721,-10.534808,3.393621
9.379721,-9.717200,4.947977
9.379721,-8.899592,8.474011
9.379721,-8.081984,9.485321
9.379721,-7.264376,13.954322
9.379721,-6.446768,10.496632
9.379721,-5.629160,11.214168
9.379721,-4.811552,9.940068
9.379721,-3.993944,9.100839
9.379721,-3.176336,7.199910
9.379721,-2.358728,7.556832
9.379721,-1.541120,9.940068
9.379721,-0.723512,7.973498
9.379721,0.094096,9.485321
9.379721,0.911704,7.973498
9.379721,1.729312,9.100839
9.379721,2.546920,7.556832
9.379721,3.364528,5.555620
9.379721,4.182136,6.360681
9.379721,4.999744,7.556832
9.379721,5.817352,6.482373
9.379721,6.634960,8.211221
9.379721,7.452568,6.133779
9.379721,8.270176,4.947977
9.379721,9.087784,5.310090
9.379721,9.905392,4.099137
9.379721,10.723000,3.430033
9.379721,11.540608,2.418722
9.379721,12.358216,2.468114
9.379721,13.175824,1.992668
9.379721,13.993432,2.596049
9.379721,14.811040,3.185650
9.379721,15.628648,4.816674
9.379721,16.446256,6.244651
9.379721,17.263864,7.756474
9.379721,18.081472,9.100839
9.379721,18.899080,12.225478
9.379721,19.716688,45.672734
9.379721,20.534296,45.672734
10.406919,-19.528496,45.672734
10.406919,-18.710888,45.672734
10.406919,-17.893280,13.954322
10.406919,-17.075672,9.100839
10.406919,-16.258064,7.371992
10.406919,-15.440456,7.371992
10.406919,-14.622848,5.925809
10.406919,-13.805240,6.244651
10.406919,-12.987632,5.925809
10.406919,-12.170024,4.816674
10.406919,-11.352416,5.016316
10.406919,-10.534808,5.555620
10.406919,-9.717200,7.973498
10.406919,-8.899592,9.485321
10.406919,-8.081984,11.214168
10.406919,-7.264376,45.672734
10.406919,-6.446768,12.225478
10.406919,-5.629160,11.214168
10.406919,-4.811552,9.485321
10.406919,-3.993944,7.038938
10.406919,-3.176336,6.887728
10.406919,-2.358728,7.199910
10.406919,-1.541120,7.038938
10.406919,-0.723512,7.973498
10.406919,0.094096,7.556832
10.406919,0.911704,7.973498
10.406919,1.729312,6.244651
10.406919,2.546920,6.360681
10.406919,3.364528,5.643144
10.406919,4.182136,5.310090
10.406919,4.999744,5.643144
10.406919,5.817352,5.827984
10.406919,6.634960,5.643144
10.406919,7.452568,5.086580
10.406919,8.270176,4.691938
10.406919,9.087784,4.404932
10.406919,9.905392,3.914297
10.406919,10.723000,2.443295
10.406919,11.540608,2.676084
10.406919,12.358216,2.013367
10.406919,13.175824,2.622443
10.406919,13.993432,2.963090
10.406919,14.811040,4.005005
10.406919,15.628648,4.947977
10.406919,16.446256,6.482373
10.406919,17.263864,9.485321
10.406919,18.081472,11.214168
10.406919,18.899080,13.954322
10.406919,19.716688,45.672734
10.406919,20.534296,45.672734
11.434117,-19.528496,45.672734
11.434117,-18.710888,45.672734
11.434117,-17.893280,13.954322
11.434117,-17.075672,9.940068
11.434117,-16.258064,11.214168
11.434117,-15.440456,9.485321
11.434117,-14.622848,9.940068
11.434117,-13.805240,9.100839
11.434117,-12.987632,7.556832
11.434117,-12.170024,7.973498
11.434117,-11.352416,8.474011
11.434117,-10.534808,9.100839
11.434117,-9.717200,10.496632
11.434117,-8.899592,45.672734
11.434117,-8.081984,45.672734
11.434117,-7.264376,45.672734
11.434117,-6.446768,12.225478
11.434117,-5.629160,10.496632
11.434117,-4.811552,8.474011
11.434117,-3.993944,6.745163
11.434117,-3.176336,6.610309
11.434117,-2.358728,6.482373
11.434117,-1.541120,6.027627
11.434117,-0.723512,6.745163
11.434117,0.094096,6.745163
11.434117,0.911704,7.556832
11.434117,1.729312,6.887728
11.434117,2.546920,4.631833
11.434117,3.364528,4.691938
11.434117,4.182136,4.573144
11.434117,4.999744,4.947977
11.434117,5.817352,4.351291
11.434117,6.634960,4.459751
11.434117,7.452568,4.573144
11.434117,8.270176,4.005005
11.434117,9.087784,3.466985
11.434117,9.905392,3.700987
11.434117,10.723000,2.163278
11.434117,11.540608,2.034239
11.434117,12.358216,2.518503
11.434117,13.175824,2.786956
11.434117,13.993432,3.660430
11.434117,14.811040,4.753526
11.434117,15.628648,7.038938
11.434117,16.446256,11.214168
11.434117,17.263864,12.225478
11.434117,18.081472,45.672734
11.434117,18.899080,13.954322
11.434117,19.716688,45.672734
11.434117,20.534296,45.672734
12.461315,-19.528496,13.954322
12.461315,-18.710888,45.672734
12.461315,-17.893280,45.672734
12.461315,-17.075672,11.214168
12.461315,-16.258064,11.214168
12.461315,-15.440456,13.954322
12.461315,-14.622848,13.954322
12.461315,-13.805240,9.485321
12.461315,-12.987632,9.485321
12.461315,-12.170024,11.214168
12.461315,-11.352416,12.225478
12.461315,-10.534808,11.214168
12.461315,-9.717200,45.672734
12.461315,-8.899592,45.672734
12.461315,-8.081984,45.672734
12.461315,-7.264376,45.672734
12.461315,-6.446768,10.496632
12.461315,-5.629160,11.214168
12.461315,-4.811552,8.474011
12.461315,-3.993944,7.973498
12.461315,-3.176336,6.745163
12.461315,-2.358728,6.027627
12.461315,-1.541120,6.482373
12.461315,-0.723512,5.158881
12.461315,0.094096,6.360681
12.461315,0.911704,7.038938
12.461315,1.729312,6.027627
12.461315,2.546920,5.016316
12.461315,3.364528,4.404932
12.461315,4.182136,4.404932
12.461315,4.999744,4.099137
12.461315,5.817352,4.298779
12.461315,6.634960,4.351291
12.461315,7.452568,3.959239
12.461315,8.270176,3.700987
12.461315,9.087784,3.087826
12.461315,9.905392,2.346421
12.461315,10.723000,2.276157
12.461315,11.540608,2.141303
12.461315,12.358216,2.418722
12.461315,13.175824,3.322353
12.461315,13.993432,4.631833
12.461315,14.811040,5.925809
12.461315,15.628648,9.100839
12.461315,16.446256,9.940068
12.461315,17.263864,12.225478
12.461315,18.081472,45.672734
12.461315,18.899080,45.672734
12.461315,19.716688,13.954322
12.461315,20.534296,45.672734
13.488513,-19.528496,45.672734
13.488513,-18.710888,45.672734
13.488513,-17.893280,11.214168
13.488513,-17.075672,12.225478
13.488513,-16.258064,12.225478
13.488513,-15.440456,45.672734
13.488513,-14.622848,45.672734
13.488513,-13.805240,13.954322
13.488513,-12.987632,45.672734
13.488513,-12.170024,13.954322
13.488513,-11.352416,45.672734
13.488513,-10.534808,45.672734
13.488513,-9.717200,45.672734
13.488513,-8.899592,45.672734
13.488513,-8.081984,45.672734
13.488513,-7.264376,45.672734
13.488513,-6.446768,45.672734
13.488513,-5.629160,13.954322
13.488513,-4.811552,9.485321
13.488513,-3.993944,7.556832
13.488513,-3.176336,7.199910
13.488513,-2.358728,6.745163
13.488513,-1.541120,7.038938
13.488513,-0.723512,6.610309
13.488513,0.094096,7.756474
13.488513,0.911704,7.973498
13.488513,1.729312,6.360681
13.488513,2.546920,5.086580
13.488513,3.364528,4.351291
13.488513,4.182136,4.816674
13.488513,4.999744,4.051627
13.488513,5.817352,4.351291
13.488513,6.634960,4.515803
13.488513,7.452568,4.631833
13.488513,8.270176,3.542572
13.488513,9.087784,3.253065
13.488513,9.905392,2.703343
13.488513,10.723000,2.468114
13.488513,11.540608,2.141303
13.488513,12.358216,2.873468
13.488513,13.175824,3.056052
13.488513,13.993432,5.471062
13.488513,14.811040,6.887728
13.488513,15.628648,9.485321
13.488513,16.446256,11.214168
13.488513,17.263864,45.672734
13.488513,18.081472,45.672734
13.488513,18.899080,45.672734
13.488513,19.716688,45.672734
13.488513,20.534296,45.672734
14.515711,-19.528496,45.672734
14.515711,-18.710888,45.672734
14.515711,-17.893280,45.672734
14.515711,-17.075672,12.225478
14.515711,-16.258064,13.954322
14.515711,-15.440456,13.954322
14.515711,-14.622848,12.225478
14.515711,-13.805240,13.954322
14.515711,-12.987632,45.672734
14.515711,-12.170024,45.672734
14.515711,-11.352416,45.672734
14.515711,-10.534808,45.672734
14.515711,-9.717200,45.672734
14.515711,-8.899592,45.672734
14.515711,-8.081984,45.672734
14.515711,-7.264376,13.954322
14.515711,-6.446768,13.954322
14.515711,-5.629160,10.496632
14.515711,-4.811552,9.940068
14.515711,-3.993944,9.940068
14.515711,-3.176336,7.973498
14.515711,-2.358728,8.211221
14.515711,-1.541120,9.100839
14.515711,-0.723512,8.211221
14.515711,0.094096,7.371992
14.515711,0.911704,9.940068
14.515711,1.729312,6.482373
14.515711,2.546920,6.360681
14.515711,3.364528,5.733853
14.515711,4.182136,4.881462
14.515711,4.999744,4.631833
14.515711,5.817352,4.051627
14.515711,6.634960,4.691938
14.515711,7.452568,4.515803
14.515711,8.270176,4.099137
14.515711,9.087784,3.120010
14.515711,9.905392,2.493181
14.515711,10.723000,2.346421
14.515711,11.540608,2.730904
14.515711,12.358216,3.287468
14.515711,13.175824,5.233340
14.515711,13.993432,6.610309
14.515711,14.811040,9.100839
14.515711,15.628648,12.225478
14.515711,16.446256,13.954322
14.515711,17.263864,45.672734
14.515711,18.081472,45.672734
14.515711,18.899080,45.672734
14.515711,19.716688,45.672734
14.515711,20.534296,45.672734
15.542909,-19.528496,45.672734
15.542909,-18.710888,13.954322
15.542909,-17.893280,45.672734
15.542909,-17.075672,13.954322
15.542909,-16.258064,45.672734
15.542909,-15.440456,13.954322
15.542909,-14.622848,45.672734
15.542909,-13.805240,45.672734
15.542909,-12.987632,45.672734
15.542909,-12.170024,45.672734
15.542909,-11.352416,45.672734
15.542909,-10.534808,13.954322
15.542909,-9.717200,45.672734
15.542909,-8.899592,45.672734
15.542909,-8.081984,45.672734
15.542909,-7.264376,45.672734
15.542909,-6.446768,45.672734
15.542909,-5.629160,12.225478
15.542909,-4.811552,12.225478
15.542909,-3.993944,9.485321
15.542909,-3.176336,7.973498
15.542909,-2.358728,8.474011
15.542909,-1.541120,8.767785
15.542909,-0.723512,8.474011
15.542909,0.094096,13.954322
15.542909,0.911704,10.496632
15.542909,1.729312,8.474011
15.542909,2.546920,7.038938
15.542909,3.364528,6.244651
15.542909,4.182136,6.244651
15.542909,4.999744,5.016316
15.542909,5.817352,5.827984
15.542909,6.634960,6.244651
15.542909,7.452568,4.881462
15.542909,8.270176,4.691938
15.542909,9.087784,3.219130
15.542909,9.905392,3.700987
15.542909,10.723000,3.466985
15.542909,11.540608,3.581243
15.542909,12.358216,4.005005
15.542909,13.175824,6.244651
15.542909,13.993432,6.610309
15.542909,14.811040,11.214168
15.542909,15.628648,11.214168
15.542909,16.446256,45.672734
15.542909,17.263864,45.672734
15.542909,18.081472,45.672734
15.542909,18.899080,45.672734
15.542909,19.716688,45.672734
15.542909,20.534296,45.672734
16.570107,-19.528496,45.672734
16.570107,-18.710888,45.672734
16.570107,-17.893280,45.672734
16.570107,-17.075672,45.672734
16.570107,-16.258064,45.672734
16.570107,-15.440456,45.672734
16.570107,-14.622848,45.672734
16.570107,-13.805240,45.672734
16.570107,-12.987632,45.672734
16.570107,-12.170024,45.672734
16.570107,-11.352416,45.672734
16.570107,-10.534808,45.672734
16.570107,-9.717200,45.672734
16.570107,-8.899592,45.672734
16.570107,-8.081984,45.672734
16.570107,-7.264376,45.672734
16.570107,-6.446768,45.672734
16.570107,-5.629160,45.672734
16.570107,-4.811552,12.225478
16.570107,-3.993944,10.496632
16.570107,-3.176336,9.100839
16.570107,-2.358728,7.973498
16.570107,-1.541120,9.100839
16.570107,-0.723512,10.496632
16.570107,0.094096,10.496632
16.570107,0.911704,9.940068
16.570107,1.729312,10.496632
16.570107,2.546920,7.756474
16.570107,3.364528,9.485321
16.570107,4.182136,8.211221
16.570107,4.999744,8.767785
16.570107,5.817352,9.485321
16.570107,6.634960,7.756474
16.570107,7.452568,7.038938
16.570107,8.270176,5.925809
16.570107,9.087784,5.310090
16.570107,9.905392,4.947977
16.570107,10.723000,4.573144
16.570107,11.540608,6.360681
16.570107,12.358216,5.733853
16.570107,13.175824,7.038938
16.570107,13.993432,9.940068
16.570107,14.811040,13.954322
16.570107,15.628648,45.672734
16.570107,16.446256,45.672734
16.570107,17.263864,45.672734
16.570107,18.081472,45.672734
16.570107,18.899080,45.672734
16.570107,19.716688,45.672734
16.570107,20.534296,45.672734
17.597305,-19.528496,45.672734
17.597305,-18.710888,45.672734
17.597305,-17.893280,45.672734
17.597305,-17.075672,45.672734
17.597305,-16.258064,45.672734
17.597305,-15.440456,45.672734
17.597305,-14.622848,45.672734
17.597305,-13.805240,45.672734
17.597305,-12.987632,45.672734
17.597305,-12.170024,45.672734
17.597305,-11.352416,45.672734
17.597305,-10.534808,45.672734
17.597305,-9.717200,45.672734
17.597305,-8.899592,45.672734
17.597305,-8.081984,45.672734
17.597305,-7.264376,45.672734
17.597305,-6.446768,45.672734
17.597305,-5.629160,45.672734
17.597305,-4.811552,45.672734
17.597305,-3.993944,13.954322
17.597305,-3.176336,9.940068
17.597305,-2.358728,12.225478
17.597305,-1.541120,12.225478
17.597305,-0.723512,12.225478
17.597305,0.094096,13.954322
17.597305,0.911704,13.954322
17.597305,1.729312,12.225478
17.597305,2.546920,12.225478
17.597305,3.364528,9.940068
17.597305,4.182136,10.496632
17.597305,4.999744,13.954322
17.597305,5.817352,11.214168
17.597305,6.634960,11.214168
17.597305,7.452568,9.485321
17.597305,8.270176,7.371992
17.597305,9.087784,6.887728
17.597305,9.905392,7.371992
17.597305,10.723000,7.199910
17.597305,11.540608,7.199910
17.597305,12.358216,8.474011
17.597305,13.175824,8.767785
17.597305,13.993432,11.214168
17.597305,14.811040,12.225478
17.597305,15.628648,13.954322
17.597305,16.446256,45.672734
17.597305,17.263864,45.672734
17.597305,18.081472,45.672734
17.597305,18.899080,45.672734
17.597305,19.716688,45.672734
17.597305,20.534296,45.672734
18.624503,-19.528496,45.672734
18.624503,-18.710888,45.672734
18.624503,-17.893280,45.672734
18.624503,-17.075672,45.672734
18.624503,-16.258064,45.672734
18.624503,-15.440456,45.672734
18.624503,-14.622848,45.672734
18.624503,-13.805240,45.672734
18.624503,-12.987632,45.672734
18.624503,-12.170024,45.672734
18.624503,-11.352416,45.672734
18.624503,-10.534808,45.672734
18.624503,-9.717200,45.672734
18.624503,-8.899592,45.672734
18.624503,-8.081984,45.672734
18.624503,-7.264376,45.672734
18.624503,-6.446768,13.954322
18.624503,-5.629160,45.672734
18.624503,-4.811552,13.954322
18.624503,-3.993944,13.954322
18.624503,-3.176336,11.214168
18.624503,-2.358728,45.672734
18.624503,-1.541120,45.672734
18.624503,-0.723512,13.954322
18.624503,0.094096,13.954322
18.624503,0.911704,45.672734
18.624503,1.729312,45.672734
18.624503,2.546920,45.672734
18.624503,3.364528,45.672734
18.624503,4.182136,45.672734
18.624503,4.999744,45.672734
18.624503,5.817352,12.225478
18.624503,6.634960,12.225478
18.624503,7.452568,9.485321
18.624503,8.270176,9.100839
18.624503,9.087784,9.940068
18.624503,9.905392,12.225478
18.624503,10.723000,7.973498
18.624503,11.540608,12.225478
18.624503,12.358216,12.225478
18.624503,13.175824,12.225478
18.624503,13.993432,13.954322
18.624503,14.811040,13.954322
18.624503,15.628648,45.672734
18.624503,16.446256,45.672734
18.624503,17.263864,45.672734
18.624503,18.081472,45.672734
18.624503,18.899080,45.672734
18.624503,19.716688,45.672734
18.624503,20.534296,45.672734
19.651701,-19.528496,45.672734
19.651701,-18.710888,45.672734
19.651701,-17.893280,45.672734
19.651701,-17.075672,45.672734
19.651701,-16.258064,45.672734
19.651701,-15.440456,45.672734
19.651701,-14.622848,45.672734
19.651701,-13.805240,45.672734
19.651701,-12.987632,45.672734
19.651701,-12.170024,45.672734
19.651701,-11.352416,45.672734
19.651701,-10.534808,45.672734
19.651701,-9.717200,45.672734
19.651701,-8.899592,45.672734
19.651701,-8.081984,45.672734
19.651701,-7.264376,45.672734
19.651701,-6.446768,45.672734
19.651701,-5.629160,45.672734
19.651701,-4.811552,45.672734
19.651701,-3.993944,13.954322
19.651701,-3.176336,45.672734
19.651701,-2.358728,13.954322
19.651701,-1.541120,13.954322
19.651701,-0.723512,13.954322
19.651701,0.094096,13.954322
19.651701,0.911704,45.672734
19.651701,1.729312,45.672734
19.651701,2.546920,45.672734
19.651701,3.364528,45.672734
19.651701,4.182136,45.672734
19.651701,4.999744,45.672734
19.651701,5.817352,45.672734
19.651701,6.634960,12.225478
19.651701,7.452568,13.954322
19.651701,8.270176,13.954322
19.651701,9.087784,11.214168
19.651701,9.905392,45.672734
19.651701,10.723000,13.954322
19.651701,11.540608,12.225478
19.651701,12.358216,12.225478
19.651701,13.175824,45.672734
19.651701,13.993432,45.672734
19.651701,14.811040,45.672734
19.651701,15.628648,45.672734
19.651701,16.446256,45.672734
19.651701,17.263864,45.672734
19.651701,18.081472,45.672734
19.651701,18.899080,45.672734
19.651701,19.716688,45.672734
19.651701,20.534296,45.672734
